,fighter_name,Height,Weight,Reach,DOB,SLpM,Str_Acc,SApM,Str_Def,TD_Avg,TD_Acc,TD_Def,Sub_Avg,Stance_Open Stance,Stance_Orthodox,Stance_Southpaw,Stance_Switch
0,Shamil Abdurakhimov,6' 3,235.,6' 3,"Sep 02, 1981",2.45,0.44,2.45,0.58,1.23,0.24,0.47,0.2,0,1,0,0
1,Mariya Agapova,5' 6,125.,5' 6,"Apr 07, 1997",3.7,0.5,4.15,0.47,1.23,0.66,0.33,0.6,0,0,1,0
2,Jessica Aguilar,5' 3,115.,5' 3,"May 08, 1982",4.93,0.5,7.19,0.53,0.94,0.25,0.5,0.2,0,1,0,0
3,Omari Akhmedov,6' 0,185.,6' 0,"Oct 12, 1987",2.95,0.35,2.59,0.57,2.63,0.49,0.65,0.3,0,1,0,0
4,Yoshihiro Akiyama,5' 10,170.,5' 10,"Jul 29, 1975",3.1,0.41,3.62,0.57,2.29,0.67,0.92,1.0,0,1,0,0
5,Amir Albazi,5' 5,125.,5' 5,"Oct 27, 1993",4.06,0.4,3.15,0.58,2.28,0.75,0.66,0.8,0,1,0,0
6,Aleksandra Albu,5' 2,115.,5' 2,"Jul 14, 1990",4.83,0.47,5.56,0.38,2.27,0.5,0.77,0.4,0,1,0,0
7,Ildemar Alcantara,6' 2,185.,6' 2,"Nov 18, 1982",1.93,0.38,2.63,0.5,2.0,0.68,0.81,0.9,0,1,0,0
8,Iuri Alcantara,5' 9,135.,5' 9,"Aug 04, 1980",2.72,0.45,2.79,0.49,1.44,0.62,0.6,0.8,0,0,1,0
9,Irene Aldana,5' 9,135.,5' 9,"Mar 26, 1988",5.52,0.38,5.97,0.61,0.23,0.5,0.84,0.1,0,1,0,0
10,Jose Aldo,5' 7,135.,5' 7,"Sep 09, 1986",3.45,0.45,3.52,0.61,0.57,0.56,0.91,0.1,0,1,0,0
11,Jim Alers,5' 9,145.,5' 9,"Oct 14, 1986",2.9,0.4,4.38,0.56,2.26,0.41,0.8,0.3,0,1,0,0
12,John Alessio,5' 10,155.,5' 10,"Jul 05, 1979",2.1,0.39,2.91,0.54,1.85,0.38,0.7,1.2,0,1,0,0
13,Marcio Alexandre Junior,6' 0,185.,6' 0,"May 05, 1989",1.61,0.45,2.89,0.42,0.35,0.2,0.66,0.7,0,0,1,0
14,John Allan,6' 1,205.,6' 1,"Feb 22, 1993",2.95,0.43,4.01,0.52,1.94,0.71,0.5,1.2,0,1,0,0
15,Arnold Allen,5' 8,145.,5' 8,"Jan 22, 1994",3.19,0.41,2.0,0.67,1.36,0.52,0.76,0.5,0,0,1,0
16,Brendan Allen,6' 2,185.,6' 2,"Dec 28, 1995",3.55,0.59,4.57,0.39,1.17,0.37,0.5,2.0,0,1,0,0
17,Ricardo Almeida,6' 0,170.,6' 0,"Nov 29, 1976",2.02,0.49,1.2,0.61,3.74,0.38,0.31,1.2,0,1,0,0
18,Sarah Alpar,5' 4,135.,5' 4,"Jun 01, 1991",2.11,0.54,4.76,0.32,2.69,0.28,0.5,0.7,0,0,1,0
19,Ali AlQaisi,5' 6,135.,5' 6,"Sep 23, 1990",2.43,0.42,1.97,0.56,3.5,0.29,0.6,1.0,0,1,0,0
20,Eddie Alvarez,5' 9,155.,5' 9,"Jan 11, 1984",4.32,0.41,4.39,0.55,2.92,0.36,0.92,0.5,0,1,0,0
21,Thiago Alves,5' 9,170.,5' 9,"Oct 03, 1983",3.73,0.41,3.42,0.62,0.71,0.6,0.63,0.3,0,1,0,0
22,Warlley Alves,5' 11,170.,5' 11,"Jan 04, 1991",3.09,0.47,3.62,0.5,1.48,0.54,0.75,1.0,0,1,0,0
23,Sam Alvey,6' 2,205.,6' 2,"May 06, 1986",3.17,0.44,3.26,0.55,0.08,0.16,0.82,0.1,0,0,1,0
24,Makwan Amirkhani,5' 10,145.,5' 10,"Nov 08, 1988",1.42,0.44,2.63,0.51,3.37,0.37,0.57,1.4,0,0,1,0
25,Eryk Anders,6' 1,185.,6' 1,"Apr 21, 1987",3.23,0.46,4.15,0.51,1.62,0.35,0.8,0.1,0,0,1,0
26,Megan Anderson,6' 0,145.,6' 0,"Feb 11, 1990",1.76,0.46,3.35,0.37,0.52,0.25,0.53,0.5,0,1,0,0
27,Viscardi Andrade,5' 11,170.,5' 11,"Mar 08, 1984",3.26,0.42,2.77,0.63,1.93,0.5,0.66,0.3,0,1,0,0
28,Jessica Andrade,5' 1,115.,5' 1,"Sep 25, 1991",6.38,0.49,5.26,0.53,3.11,0.57,0.76,0.4,0,1,0,0
29,Dylan Andrews,6' 1,185.,6' 1,"Nov 15, 1979",2.21,0.5,2.72,0.46,2.83,0.5,0.57,0.4,0,0,0,1
30,Nina Ansaroff,5' 5,115.,5' 5,"Dec 03, 1985",4.81,0.47,3.55,0.54,0.29,0.4,0.77,0.6,0,1,0,0
31,Gadzhimurad Antigulov,5' 11,205.,5' 11,"Feb 09, 1987",2.08,0.55,4.21,0.4,5.08,0.36,0.0,1.4,0,1,0,0
32,Igor Araujo,6' 1,170.,6' 1,"Dec 06, 1980",1.52,0.42,2.86,0.49,0.86,0.15,0.22,0.6,0,1,0,0
33,Felipe Arantes,5' 8,135.,5' 8,"Feb 09, 1988",2.37,0.45,2.66,0.64,0.93,0.47,0.41,0.7,0,1,0,0
34,Julio Arce,5' 7,145.,5' 7,"Oct 27, 1989",4.25,0.36,2.87,0.67,0.58,0.3,0.93,0.6,0,0,1,0
35,Viviane Araujo,5' 4,125.,5' 4,"Nov 21, 1986",4.97,0.48,4.84,0.6,2.33,0.64,0.94,0.2,0,1,0,0
36,Andrei Arlovski,6' 3,240.,6' 3,"Feb 04, 1979",3.48,0.44,2.83,0.57,0.47,0.36,0.78,0.3,0,1,0,0
37,Akbarh Arreola,5' 10,155.,5' 10,"Jan 14, 1983",2.32,0.45,4.01,0.56,1.07,1.0,0.33,0.4,0,0,1,0
38,Austin Arnett,6' 0,145.,6' 0,"Oct 22, 1991",4.52,0.41,6.38,0.62,0.44,0.18,0.57,0.2,0,1,0,0
39,Matt Arroyo,5' 10,170.,5' 10,"Sep 01, 1982",1.62,0.47,2.01,0.58,2.12,0.36,1.0,5.3,0,1,0,0
40,Antonio Arroyo,6' 3,185.,6' 3,"Jul 01, 1989",3.08,0.7,1.72,0.44,1.4,0.41,0.32,0.3,0,1,0,0
41,Cyril Asker,6' 0,247.,6' 0,"Dec 24, 1985",3.35,0.39,5.82,0.35,4.41,0.62,1.0,0.9,0,1,0,0
42,Scott Askham,6' 3,185.,6' 3,"May 20, 1988",3.03,0.46,3.52,0.52,0.44,0.18,0.65,0.7,0,0,1,0
43,Ben Askren,5' 11,170.,5' 11,"Jul 18, 1984",3.64,0.49,5.66,0.36,4.33,0.55,0.0,0.9,0,1,0,0
44,Tom Aspinall,6' 5,256.,6' 5,"Apr 11, 1993",7.43,0.66,3.06,0.65,3.54,1.0,0.0,1.8,0,1,0,0
45,Junior Assuncao,5' 9,145.,5' 9,"Jun 24, 1981",3.31,0.62,2.06,0.44,2.43,0.24,0.66,0.7,0,1,0,0
46,Raphael Assuncao,5' 5,135.,5' 5,"Jul 19, 1982",3.26,0.4,2.33,0.68,1.48,0.38,0.8,0.3,0,1,0,0
47,Olivier Aubin-Mercier,5' 9,155.,5' 9,"Feb 23, 1989",2.48,0.51,2.97,0.55,2.36,0.33,0.7,0.5,0,0,1,0
48,Marcus Aurelio,5' 10,155.,5' 10,"Aug 18, 1973",1.42,0.33,2.27,0.59,1.69,0.27,0.27,1.3,0,1,0,0
49,Blas Avena,6' 0,170.,6' 0,"Jun 30, 1983",2.34,0.47,3.36,0.43,2.37,0.8,0.5,1.8,0,1,0,0
50,Hunter Azure,5' 8,145.,5' 8,"Mar 02, 1992",4.17,0.52,1.99,0.62,2.52,0.45,0.76,1.4,0,1,0,0
51,Miguel Baeza,6' 2,170.,6' 2,"Aug 23, 1992",4.64,0.55,3.89,0.5,0.8,0.4,1.0,1.2,0,1,0,0
52,Ali Bagautinov,5' 4,125.,5' 4,"Jun 10, 1985",2.85,0.42,3.09,0.52,2.51,0.36,0.65,0.3,0,1,0,0
53,Seth Baczynski,6' 3,170.,6' 3,"Oct 26, 1981",3.08,0.31,3.14,0.51,0.89,0.16,0.48,0.8,0,1,0,0
54,Ryan Bader,6' 2,205.,6' 2,"Jun 07, 1983",2.82,0.43,1.39,0.71,3.37,0.44,0.8,0.4,0,1,0,0
55,Siyar Bahadurzada,5' 11,170.,5' 11,"Apr 17, 1984",2.91,0.4,3.23,0.49,1.32,0.61,0.62,0.3,0,1,0,0
56,Humberto Bandenay,5' 11,145.,5' 11,"Sep 04, 1994",2.22,0.41,4.79,0.41,2.9,0.46,0.62,0.5,0,0,1,0
57,Tae Hyun Bang,5' 9,155.,5' 9,"Apr 15, 1983",2.72,0.38,2.07,0.66,0.49,0.33,0.57,0.5,0,0,0,1
58,Maycee Barber,5' 5,125.,5' 5,"May 18, 1998",5.21,0.52,3.0,0.5,1.44,0.4,0.8,0.2,0,0,0,1
59,Antonio Banuelos,5' 5,135.,5' 5,"Sep 23, 1979",2.69,0.33,3.15,0.58,1.62,0.62,0.86,0.4,0,1,0,0
60,Bryan Barberena,6' 0,170.,6' 0,"May 03, 1989",5.48,0.48,4.7,0.45,0.23,0.28,0.6,0.5,0,0,1,0
61,Renan Barao,5' 6,145.,5' 6,"Jan 31, 1987",3.78,0.36,3.9,0.57,1.49,0.41,0.91,0.5,0,1,0,0
62,Edson Barboza,5' 11,145.,5' 11,"Jan 21, 1986",3.98,0.43,4.03,0.6,0.44,0.44,0.78,0.1,0,1,0,0
63,Raoni Barcelos,5' 7,135.,5' 7,"May 01, 1987",5.59,0.52,4.17,0.67,2.23,0.56,0.85,0.7,0,1,0,0
64,Luke Barnatt,6' 6,185.,6' 6,"Apr 13, 1988",4.43,0.36,3.87,0.59,0.63,0.42,0.63,0.4,0,1,0,0
65,Phil Baroni,5' 9,170.,5' 9,"Apr 16, 1976",2.77,0.45,3.93,0.4,1.46,0.47,0.6,0.5,0,1,0,0
66,Josh Barnett,6' 3,250.,6' 3,"Nov 10, 1977",3.2,0.5,2.11,0.57,1.26,0.55,0.55,1.4,0,1,0,0
67,Enrique Barzola,5' 7,145.,5' 7,"Apr 28, 1989",3.91,0.41,2.97,0.68,4.2,0.45,0.66,0.3,0,1,0,0
68,Chris Beal,5' 7,125.,5' 7,"Aug 06, 1985",3.45,0.35,3.18,0.61,1.6,0.58,0.78,0.2,0,1,0,0
69,Chase Beebe,5' 7,135.,5' 7,"Mar 29, 1985",2.17,0.38,1.64,0.69,2.49,0.42,0.41,0.9,0,1,0,0
70,Mirsad Bektic,5' 8,145.,5' 8,"Feb 16, 1991",2.43,0.41,1.8,0.57,3.98,0.52,0.92,0.4,0,1,0,0
71,Alan Belcher,6' 2,185.,6' 2,"Apr 24, 1984",2.7,0.41,3.1,0.59,0.44,0.26,0.55,0.9,0,1,0,0
72,Vitor Belfort,6' 0,185.,6' 0,"Apr 01, 1977",1.59,0.46,2.83,0.5,1.02,0.6,0.53,0.6,0,0,1,0
73,Marco Beltran,5' 8,125.,5' 8,"May 18, 1986",2.07,0.37,1.93,0.63,0.7,0.5,0.46,0.2,0,1,0,0
74,Joseph Benavidez,5' 4,125.,5' 4,"Jul 31, 1984",3.52,0.34,2.67,0.61,1.41,0.3,0.62,0.6,0,0,1,0
75,Gabriel Benitez,5' 8,155.,5' 8,"Jun 15, 1988",4.38,0.38,3.26,0.7,0.17,0.5,0.56,1.2,0,0,1,0
76,Ryan Benoit,5' 5,125.,5' 5,"Aug 25, 1989",2.95,0.41,3.4,0.6,0.33,0.25,0.7,0.5,0,1,0,0
77,Dennis Bermudez,5' 6,155.,5' 6,"Dec 13, 1986",4.42,0.46,3.07,0.59,3.89,0.4,0.82,1.1,0,1,0,0
78,Talita Bernardo,5' 4,135.,5' 4,"Mar 04, 1987",3.12,0.42,4.04,0.55,1.62,0.22,0.28,0.5,0,1,0,0
79,Manny Bermudez,5' 10,145.,5' 10,"Jul 16, 1994",2.92,0.61,2.68,0.46,3.06,0.54,0.0,3.1,0,1,0,0
80,Matt Bessette,5' 10,145.,5' 10,"Dec 28, 1984",4.36,0.41,4.45,0.58,0.64,0.28,0.61,0.3,0,1,0,0
81,Michael Bisping,6' 1,185.,6' 1,"Feb 28, 1979",4.33,0.38,2.71,0.65,1.05,0.43,0.63,0.3,0,1,0,0
82,Jan Blachowicz,6' 2,205.,6' 2,"Feb 24, 1983",3.59,0.49,2.79,0.53,1.18,0.53,0.65,0.2,0,1,0,0
83,Brad Blackburn,5' 10,170.,5' 10,"May 25, 1977",4.55,0.35,3.59,0.65,0.93,0.5,0.76,0.7,0,1,0,0
84,Maximo Blanco,5' 8,145.,5' 8,"Oct 16, 1983",4.11,0.44,3.19,0.66,1.85,0.36,0.63,0.3,0,1,0,0
85,Mark Bocek,5' 8,155.,5' 8,"Oct 24, 1981",2.34,0.43,2.32,0.6,3.65,0.36,0.31,1.3,0,1,0,0
86,Tim Boetsch,6' 0,185.,6' 0,"Jan 28, 1981",2.93,0.5,2.9,0.57,1.45,0.34,0.59,0.8,0,1,0,0
87,Rogerio Bontorin,5' 5,125.,5' 5,"Apr 25, 1992",2.19,0.5,3.12,0.38,1.9,0.4,0.51,1.6,0,1,0,0
88,Stephan Bonnar,6' 4,205.,6' 4,"Apr 04, 1977",2.76,0.38,3.01,0.52,1.32,0.4,0.6,1.0,0,1,0,0
89,Ray Borg,5' 4,135.,5' 4,"Aug 04, 1993",1.52,0.52,1.93,0.48,3.89,0.5,0.46,1.0,0,1,0,0
90,Brian Bowles,5' 7,135.,5' 7,"Jun 22, 1980",2.36,0.26,2.98,0.64,1.39,0.7,0.54,1.4,0,1,0,0
91,Roger Bowling,5' 9,155.,5' 9,"Dec 05, 1982",3.9,0.47,3.86,0.51,3.09,0.43,0.27,0.9,0,1,0,0
92,Sean Brady,5' 10,170.,5' 10,"Nov 23, 1992",4.72,0.55,3.6,0.63,2.69,0.6,1.0,1.2,0,1,0,0
93,Diego Brandao,5' 7,145.,5' 7,"May 27, 1987",2.94,0.47,3.38,0.62,3.21,0.68,0.8,0.6,0,1,0,0
94,Jason Brilz,5' 11,205.,5' 11,"Jul 07, 1975",2.66,0.4,1.78,0.65,2.37,0.25,0.25,1.3,0,1,0,0
95,Jonathan Brookins,6' 0,145.,6' 0,"Aug 13, 1985",2.69,0.39,3.63,0.56,1.94,0.17,0.8,0.3,0,0,1,0
96,Will Brooks,5' 10,155.,5' 10,"Oct 08, 1986",4.26,0.59,2.54,0.56,2.08,0.51,0.82,0.3,0,1,0,0
97,Jarred Brooks,5' 3,125.,5' 3,"May 02, 1993",2.12,0.46,1.66,0.62,4.54,0.57,0.69,0.6,0,0,0,1
98,Mike Brown,5' 6,145.,5' 6,"Sep 08, 1975",2.98,0.44,2.45,0.6,3.23,0.4,0.66,0.6,0,1,0,0
99,Matt Brown,6' 0,170.,6' 0,"Jan 10, 1981",3.69,0.54,2.67,0.55,1.56,0.44,0.63,1.4,0,1,0,0
100,TJ Brown,5' 9,145.,5' 9,"May 22, 1990",3.22,0.42,2.21,0.5,4.92,0.6,0.4,0.4,0,0,0,1
101,Damien Brown,5' 10,155.,5' 10,"Dec 25, 1984",3.66,0.38,4.86,0.5,0.68,0.27,0.53,0.7,0,1,0,0
102,Randy Brown,6' 3,170.,6' 3,"Jul 08, 1990",3.67,0.47,2.8,0.53,1.0,0.46,0.71,0.6,0,1,0,0
103,Travis Browne,6' 6,255.,6' 6,"Jul 17, 1982",2.93,0.41,4.31,0.42,1.21,0.68,0.75,0.2,0,1,0,0
104,Derek Brunson,6' 1,185.,6' 1,"Jan 04, 1984",3.46,0.47,2.72,0.53,3.11,0.33,0.94,0.5,0,0,1,0
105,Paul Buentello,6' 2,245.,6' 2,"Jan 16, 1974",3.29,0.45,3.83,0.52,0.19,0.33,0.39,0.4,0,1,0,0
106,Wuliji Buren,5' 9,135.,5' 9,"Mar 01, 1989",1.63,0.42,2.96,0.56,3.38,0.42,0.71,0.4,0,1,0,0
107,Shane Burgos,5' 11,145.,5' 11,"Mar 19, 1991",7.31,0.5,5.81,0.6,0.3,1.0,0.89,0.1,0,1,0,0
108,Joshua Burkman,5' 10,170.,5' 10,"Apr 10, 1980",2.69,0.43,3.13,0.51,2.53,0.36,0.72,0.3,0,1,0,0
109,Mads Burnell,5' 8,145.,5' 8,"Mar 06, 1994",1.28,0.41,2.71,0.51,3.45,0.47,0.22,0.4,0,1,0,0
110,Kevin Burns,5' 10,170.,5' 10,"Mar 03, 1980",2.74,0.38,4.3,0.52,0.28,0.5,0.47,0.8,0,1,0,0
111,Herbert Burns,5' 9,145.,5' 9,"Feb 02, 1988",1.67,0.45,5.02,0.33,4.64,0.83,0.75,2.8,0,1,0,0
112,Gilbert Burns,5' 10,170.,5' 10,"Jul 20, 1986",3.22,0.45,3.04,0.54,2.08,0.35,0.5,0.7,0,1,0,0
113,JP Buys,5' 5,125.,5' 5,"Apr 30, 1996",2.66,0.45,3.05,0.43,2.22,0.5,0.33,2.2,0,1,0,0
114,Dennis Buzukja,5' 9,145.,5' 9,"Oct 01, 1997",3.8,0.46,6.8,0.35,2.0,0.25,1.0,1.0,0,0,0,1
115,Charles Byrd,5' 10,185.,5' 10,"Oct 11, 1983",3.43,0.55,2.63,0.55,2.5,0.5,0.4,1.5,0,1,0,0
116,Yan Cabral,5' 11,155.,5' 11,"May 13, 1983",2.02,0.47,1.98,0.62,2.89,0.35,0.37,1.2,0,1,0,0
117,Alex Caceres,5' 10,145.,5' 10,"Jun 20, 1988",4.1,0.5,2.82,0.65,0.57,0.78,0.64,0.8,0,0,1,0
118,Joanne Calderwood,5' 6,125.,5' 6,"Dec 23, 1985",6.59,0.49,4.4,0.53,1.8,0.55,0.58,0.5,0,1,0,0
119,Cynthia Calvillo,5' 4,125.,5' 4,"Jul 13, 1987",4.18,0.41,3.52,0.67,1.85,0.44,0.71,1.1,0,1,0,0
120,Fabricio Camoes,5' 10,155.,5' 10,"Dec 23, 1978",1.29,0.33,1.85,0.61,2.34,0.32,0.2,1.5,0,1,0,0
121,Chris Camozzi,6' 2,185.,6' 2,"Nov 20, 1986",3.57,0.44,2.96,0.56,0.27,0.19,0.57,0.5,0,1,0,0
122,Will Campuzano,5' 9,125.,5' 9,"May 27, 1986",2.43,0.31,3.82,0.57,0.88,0.45,0.48,0.2,0,1,0,0
123,Chico Camus,5' 6,125.,5' 6,"Jan 26, 1985",2.58,0.41,2.46,0.64,0.77,0.4,0.72,0.4,0,1,0,0
124,Guido Cannetti,5' 6,135.,5' 6,"Dec 19, 1979",2.85,0.51,2.17,0.5,2.64,0.5,0.75,0.3,0,0,1,0
125,Luiz Cane,6' 2,185.,6' 2,"Apr 24, 1981",4.79,0.41,5.0,0.6,0.56,0.28,1.0,0.3,0,0,1,0
126,Phil Caracappa,5' 8,135.,5' 8,"Jun 05, 1992",2.93,0.5,4.07,0.29,1.0,0.08,1.0,1.0,0,1,0,0
127,Steve Cantwell,6' 2,185.,6' 2,"Dec 08, 1986",3.63,0.34,5.76,0.55,0.65,0.3,0.8,0.7,0,1,0,0
128,Bryan Caraway,5' 8,135.,5' 8,"Aug 04, 1984",2.53,0.34,3.61,0.54,2.57,0.25,0.8,0.8,0,1,0,0
129,Chris Cariaso,5' 3,125.,5' 3,"May 27, 1981",3.35,0.43,2.23,0.61,1.11,0.39,0.57,0.8,0,0,1,0
130,Antonio Carlos Junior,6' 2,185.,6' 2,"Mar 16, 1990",1.95,0.42,2.14,0.52,3.42,0.39,0.53,0.8,0,1,0,0
131,Spike Carlyle,5' 8,145.,5' 8,"May 06, 1993",2.55,0.54,3.85,0.3,3.34,0.36,0.57,0.5,0,0,0,1
132,Francis Carmont,6' 3,205.,6' 3,"Oct 11, 1981",2.22,0.42,1.64,0.59,1.79,0.36,0.73,0.6,0,1,0,0
133,Liz Carmouche,5' 6,125.,5' 6,"Feb 19, 1984",2.78,0.54,2.51,0.61,2.57,0.51,0.65,0.3,0,1,0,0
134,Roan Carneiro,5' 11,170.,5' 11,"Jun 02, 1978",1.46,0.46,1.82,0.62,3.05,0.42,0.83,1.4,0,1,0,0
135,Johnny Case,5' 10,155.,5' 10,"Jun 28, 1989",3.95,0.38,2.66,0.61,1.7,0.45,0.72,0.2,0,1,0,0
136,Kevin Casey,5' 11,185.,5' 11,"Jun 15, 1981",2.27,0.53,3.76,0.46,0.79,0.22,0.27,0.4,0,0,1,0
137,Cortney Casey,5' 7,125.,5' 7,"May 05, 1987",4.33,0.38,4.19,0.52,0.28,0.27,0.38,0.6,0,1,0,0
138,Danny Castillo,5' 9,155.,5' 9,"Aug 25, 1979",2.57,0.42,1.96,0.62,2.95,0.38,0.63,0.2,0,1,0,0
139,Nick Catone,6' 0,185.,6' 0,"Sep 01, 1981",2.11,0.44,2.32,0.63,3.71,0.44,0.83,0.5,0,0,1,0
140,Gesias Cavalcante,5' 8,155.,5' 8,"Jul 06, 1983",1.98,0.35,3.11,0.51,1.25,0.36,0.66,1.1,0,1,0,0
141,Rafael Cavalcante,6' 1,205.,6' 1,"Apr 14, 1980",2.71,0.53,3.62,0.49,0.6,0.4,0.63,0.1,0,1,0,0
142,Henry Cejudo,5' 4,135.,5' 4,"Feb 09, 1987",3.92,0.45,2.77,0.65,2.12,0.33,0.93,0.2,0,1,0,0
143,Magnus Cedenblad,6' 5,185.,6' 5,"Apr 10, 1982",2.38,0.51,3.02,0.4,2.87,0.64,0.66,1.0,0,1,0,0
144,Luan Chagas,6' 0,170.,6' 0,"Jun 17, 1993",4.16,0.47,3.19,0.62,0.32,0.12,0.85,0.3,0,1,0,0
145,Donald Cerrone,6' 1,155.,6' 1,"Mar 29, 1983",4.43,0.46,4.46,0.53,1.19,0.33,0.73,1.2,0,1,0,0
146,Alex Chambers,5' 3,115.,5' 3,"Oct 25, 1978",2.97,0.54,5.1,0.5,2.31,0.41,0.53,1.0,0,0,1,0
147,Michael Chandler,5' 8,155.,5' 8,"Apr 24, 1986",4.29,0.49,3.76,0.52,2.37,0.41,0.8,1.4,0,1,0,0
148,Macy Chiasson,5' 11,135.,5' 11,"Jul 27, 1991",4.16,0.49,2.17,0.46,0.98,0.21,0.64,0.5,0,1,0,0
149,Michael Chiesa,6' 1,170.,6' 1,"Dec 07, 1987",1.89,0.4,1.71,0.54,3.6,0.52,0.68,0.9,0,0,1,0
150,Khamzat Chimaev,6' 2,170.,6' 2,"May 01, 1994",9.03,0.72,0.1,0.66,4.67,0.75,0.0,3.1,0,1,0,0
151,John Cholish,5' 11,155.,5' 11,"Dec 17, 1983",2.65,0.49,2.29,0.73,1.82,0.31,0.78,0.4,0,1,0,0
152,Ryo Chonan,5' 9,170.,5' 9,"Oct 08, 1976",2.57,0.43,2.25,0.6,0.61,0.41,0.39,0.3,0,1,0,0
153,Katlyn Chookagian,5' 9,125.,5' 9,"Dec 28, 1988",4.22,0.34,4.23,0.63,0.27,0.15,0.51,0.5,0,1,0,0
154,Hannah Cifers,5' 1,115.,5' 1,"Jun 26, 1992",4.99,0.44,5.39,0.52,0.26,1.0,0.64,0.3,0,1,0,0
155,Misha Cirkunov,6' 3,205.,6' 3,"Feb 27, 1987",4.18,0.51,3.22,0.6,4.28,0.57,0.71,2.3,0,1,0,0
156,Devin Clark,6' 0,205.,6' 0,"Apr 12, 1990",3.33,0.57,2.43,0.48,2.7,0.36,0.76,0.1,0,1,0,0
157,Jessica-Rose Clark,5' 5,125.,5' 5,"Nov 28, 1987",4.68,0.51,3.98,0.6,1.01,0.55,0.73,0.4,0,1,0,0
158,Heather Clark,5' 6,115.,5' 6,"Sep 19, 1980",3.69,0.49,5.62,0.5,0.33,0.04,0.8,0.3,0,1,0,0
159,Rich Clementi,5' 9,155.,5' 9,"Mar 31, 1976",1.43,0.37,2.29,0.6,1.72,0.42,0.25,1.1,0,0,1,0
160,Mitch Clarke,5' 10,155.,5' 10,"Nov 24, 1985",2.35,0.34,3.27,0.47,0.64,0.15,0.5,0.4,0,1,0,0
161,Marloes Coenen,5' 9,145.,5' 9,"Mar 31, 1981",2.15,0.51,1.9,0.67,0.82,0.3,0.41,2.5,0,0,0,0
162,Felipe Colares,5' 8,135.,5' 8,"Mar 31, 1994",1.13,0.42,3.0,0.32,2.0,0.25,0.34,1.0,0,1,0,0
163,Mark Coleman,6' 1,205.,6' 1,"Dec 20, 1964",1.88,0.52,2.62,0.4,3.89,0.4,0.5,0.8,0,1,0,0
164,Clay Collard,5' 11,145.,5' 11,"Mar 10, 1993",4.22,0.32,5.0,0.5,2.81,0.39,0.71,0.5,0,1,0,0
165,Jamie Colleen,5' 3,115.,5' 3,"Nov 02, 1985",3.11,0.61,5.66,0.33,0.52,0.33,0.5,1.6,0,1,0,0
166,Jake Collier,6' 3,230.,6' 3,"Oct 25, 1988",4.92,0.41,4.09,0.53,0.57,0.23,0.67,0.4,0,1,0,0
167,Carlos Condit,6' 2,170.,6' 2,"Apr 26, 1984",3.63,0.39,2.49,0.56,0.62,0.54,0.39,1.0,0,1,0,0
168,Montserrat Conejo,5' 0,115.,5' 0,"Feb 03, 1993",1.0,0.36,2.07,0.52,4.0,0.8,0.0,2.0,0,0,1,0
169,Amanda Cooper,5' 3,115.,5' 3,"Oct 22, 1991",3.55,0.44,3.2,0.51,1.53,0.38,0.28,1.8,0,0,0,1
170,Daniel Cormier,5' 11,235.,5' 11,"Mar 20, 1979",4.25,0.52,2.92,0.54,1.83,0.44,0.8,0.4,0,1,0,0
171,Patrick Cote,5' 11,170.,5' 11,"Feb 29, 1980",2.81,0.48,3.21,0.48,0.68,0.2,0.43,0.2,0,1,0,0
172,Ryan Couture,5' 10,155.,5' 10,"Aug 27, 1982",3.54,0.45,2.87,0.54,1.55,0.29,0.46,1.3,0,1,0,0
173,Colby Covington,5' 11,170.,5' 11,"Feb 22, 1988",4.12,0.38,2.86,0.55,4.61,0.5,0.75,0.1,0,1,0,0
174,Paul Craig,6' 3,205.,6' 3,"Nov 27, 1987",2.4,0.49,2.43,0.49,2.11,0.26,0.55,1.5,0,1,0,0
175,Tim Credeur,6' 3,185.,6' 3,"Jul 09, 1977",3.59,0.3,3.13,0.57,0.41,1.0,0.5,3.3,0,1,0,0
176,Randy Couture,6' 1,205.,6' 1,"Jun 22, 1963",2.85,0.57,1.53,0.59,2.78,0.46,0.58,0.5,0,1,0,0
177,Kevin Croom,5' 11,155.,5' 11,"Jul 15, 1987",1.35,0.36,3.22,0.31,0.97,0.06,0.5,1.0,0,1,0,0
178,Jimmy Crute,6' 2,205.,6' 2,"Mar 04, 1996",4.36,0.57,2.31,0.54,4.33,0.75,0.6,2.4,0,1,0,0
179,Dominick Cruz,5' 8,135.,5' 8,"Mar 09, 1985",3.65,0.32,2.42,0.72,2.99,0.46,0.83,0.1,0,1,0,0
180,Luke Cummo,6' 0,170.,6' 0,"Apr 27, 1980",1.74,0.43,1.5,0.59,0.89,0.55,0.42,1.4,0,1,0,0
181,Allen Crowder,6' 3,245.,6' 3,"Nov 08, 1989",2.95,0.51,2.95,0.56,1.85,0.33,1.0,1.2,0,1,0,0
182,Patrick Cummins,6' 2,205.,6' 2,"Nov 16, 1980",4.26,0.5,3.35,0.55,4.49,0.41,0.28,0.1,0,1,0,0
183,Kailin Curran,5' 4,115.,5' 4,"Apr 11, 1991",3.89,0.43,4.75,0.53,2.0,0.57,0.61,0.6,0,1,0,0
184,Jeff Curran,5' 6,135.,5' 6,"Sep 02, 1977",1.54,0.31,2.48,0.6,0.35,0.12,0.35,1.2,0,1,0,0
185,Daron Cruickshank,5' 8,155.,5' 8,"Jun 11, 1985",2.88,0.38,2.98,0.57,2.04,0.41,0.6,0.2,0,0,0,1
186,Henrique da Silva,6' 3,205.,6' 3,"Sep 01, 1989",3.89,0.6,5.28,0.4,0.25,0.14,0.22,0.2,0,1,0,0
187,Alex Da Silva,5' 8,155.,5' 8,"Feb 04, 1996",2.07,0.46,2.65,0.55,2.75,0.43,0.77,0.4,0,1,0,0
188,Zak Cummings,6' 0,185.,6' 0,"Aug 02, 1984",2.58,0.32,2.83,0.55,0.68,0.28,0.65,0.7,0,0,1,0
189,Aisling Daly,5' 2,115.,5' 2,"Dec 24, 1987",2.92,0.52,1.4,0.55,2.15,0.41,0.33,0.9,0,1,0,0
190,Rodrigo Damm,5' 7,155.,5' 7,"Feb 03, 1980",3.5,0.36,5.61,0.57,0.44,0.16,0.8,0.3,0,1,0,0
191,Mac Danzig,5' 8,155.,5' 8,"Jan 02, 1980",3.39,0.48,3.44,0.57,1.2,0.37,0.46,0.6,0,1,0,0
192,Beneil Dariush,5' 10,155.,5' 10,"May 06, 1989",4.0,0.49,2.72,0.59,2.03,0.32,0.81,1.0,0,0,1,0
193,Kyle Daukaus,6' 3,185.,6' 3,"Feb 27, 1993",3.69,0.59,2.16,0.42,2.33,0.41,0.94,1.7,0,0,1,0
194,Marcus Davis,5' 10,170.,5' 10,"Aug 24, 1973",2.72,0.39,2.79,0.65,1.6,0.48,0.47,1.4,0,0,1,0
195,LC Davis,5' 8,135.,5' 8,"Oct 28, 1980",2.04,0.3,2.1,0.59,2.27,0.46,0.66,0.2,0,0,1,0
196,Phil Davis,6' 2,205.,6' 2,"Sep 25, 1984",2.85,0.34,1.33,0.72,2.99,0.38,0.72,0.6,0,1,0,0
197,Alexis Davis,5' 6,135.,5' 6,"Oct 04, 1984",4.18,0.47,4.18,0.55,0.94,0.4,0.34,0.8,0,1,0,0
198,Brandon Davis,5' 10,135.,5' 10,"May 08, 1990",4.65,0.35,4.33,0.6,0.71,0.45,0.56,0.1,0,1,0,0
199,Grant Dawson,5' 10,145.,5' 10,"Feb 20, 1994",3.4,0.48,2.1,0.51,3.44,0.34,0.4,1.6,0,0,0,1
200,Martin Day,5' 10,145.,5' 10,"Nov 10, 1988",3.97,0.45,3.79,0.53,0.72,0.6,0.65,0.5,0,1,0,0
201,Philip De Fries,6' 5,250.,6' 5,"Apr 21, 1986",2.3,0.47,3.0,0.37,3.29,0.42,1.0,0.6,0,1,0,0
202,Chris de la Rocha,6' 3,250.,6' 3,"May 15, 1979",4.08,0.45,6.37,0.43,2.02,0.3,0.33,1.0,0,1,0,0
203,Montana De La Rosa,5' 7,125.,5' 7,"Feb 14, 1995",2.85,0.36,3.39,0.45,2.14,0.28,0.57,1.2,0,1,0,0
204,Mark De La Rosa,5' 6,135.,5' 6,"Aug 31, 1994",3.13,0.35,5.0,0.48,0.54,0.13,0.4,0.2,0,1,0,0
205,Isabela de Padua,5' 3,125.,5' 3,"Sep 04, 1991",1.0,0.35,2.07,0.5,2.0,0.66,0.0,1.0,0,1,0,0
206,Rolando Delgado,6' 3,155.,6' 3,"Nov 22, 1981",1.56,0.4,1.83,0.62,1.17,0.22,0.0,3.5,0,1,0,0
207,Jon Delos Reyes,5' 6,125.,5' 6,"Aug 19, 1987",2.99,0.38,4.14,0.51,3.2,0.83,0.55,1.9,0,1,0,0
208,Roland Delorme,5' 9,135.,5' 9,"Dec 18, 1983",2.28,0.44,4.32,0.4,2.51,0.34,0.42,1.6,0,1,0,0
209,Tony DeSouza,6' 0,170.,6' 0,"Jul 26, 1974",1.12,0.52,1.57,0.41,2.25,0.42,0.4,1.5,0,0,1,0
210,Mackenzie Dern,5' 4,115.,5' 4,"Mar 24, 1993",3.74,0.38,3.81,0.61,0.28,0.05,0.0,2.2,0,1,0,0
211,Cyrille Diabate,6' 6,205.,6' 6,"Oct 06, 1973",4.06,0.71,1.78,0.6,1.17,0.83,0.53,0.2,0,0,1,0
212,Hacran Dias,5' 8,155.,5' 8,"Jun 16, 1984",2.08,0.41,3.31,0.55,2.5,0.39,0.76,0.5,0,1,0,0
213,Nick Diaz,6' 1,185.,6' 1,"Aug 02, 1983",5.43,0.42,3.56,0.61,1.32,0.33,0.6,1.0,0,0,1,0
214,Nate Diaz,6' 0,170.,6' 0,"Apr 16, 1985",4.62,0.45,3.78,0.53,1.19,0.3,0.42,1.4,0,0,1,0
215,TJ Dillashaw,5' 6,125.,5' 6,"Feb 07, 1986",5.37,0.41,3.03,0.65,1.68,0.37,0.86,1.0,0,1,0,0
216,Russell Doane,5' 7,135.,5' 7,"Aug 13, 1986",1.75,0.4,1.68,0.53,2.11,0.45,0.52,0.8,0,1,0,0
217,Drew Dober,5' 8,155.,5' 8,"Oct 19, 1988",4.33,0.4,3.87,0.54,0.8,0.17,0.55,0.1,0,0,1,0
218,Joe Doerksen,6' 0,185.,6' 0,"Oct 09, 1977",1.43,0.42,2.79,0.5,2.02,0.33,0.33,2.3,0,1,0,0
219,CB Dollaway,6' 2,185.,6' 2,"Aug 10, 1983",2.65,0.47,2.58,0.54,3.55,0.54,0.62,1.2,0,1,0,0
220,Cody Donovan,6' 3,205.,6' 3,"Feb 20, 1981",5.61,0.59,5.44,0.45,1.67,0.28,0.0,1.7,0,1,0,0
221,Roman Dolidze,6' 2,205.,6' 2,"Jul 15, 1988",2.98,0.51,1.75,0.61,1.75,0.5,0.33,2.2,0,1,0,0
222,Anderson Dos Santos,5' 5,135.,5' 5,"Jul 24, 1985",2.66,0.28,4.8,0.55,1.3,0.18,0.66,0.9,0,1,0,0
223,Tiago dos Santos e Silva,5' 9,145.,5' 9,"Apr 12, 1987",3.69,0.35,4.23,0.59,0.63,0.11,0.33,0.3,0,1,0,0
224,Junior Dos Santos,6' 4,238.,6' 4,"Jan 30, 1984",4.49,0.47,3.33,0.56,0.3,0.5,0.81,0.1,0,1,0,0
225,Rafael Dos Anjos,5' 8,155.,5' 8,"Oct 26, 1984",3.49,0.46,3.22,0.61,1.93,0.37,0.58,0.6,0,0,1,0
226,Tomasz Drwal,6' 1,205.,6' 1,"Jan 22, 1982",3.29,0.38,2.26,0.57,3.55,0.6,0.82,0.4,0,1,0,0
227,Jessamyn Duke,5' 11,135.,5' 11,"Jun 24, 1986",4.83,0.53,4.43,0.57,1.27,0.36,0.5,1.9,0,1,0,0
228,Joe Duffy,5' 10,155.,5' 10,"Feb 18, 1988",2.68,0.34,3.78,0.54,0.96,0.66,0.64,0.7,0,1,0,0
229,Cody Durden,5' 7,125.,5' 7,"Mar 29, 1991",3.11,0.48,3.93,0.41,3.28,0.26,0.5,0.8,0,0,1,0
230,Reuben Duran,5' 7,135.,5' 7,"Jul 02, 1983",3.19,0.49,2.61,0.5,0.98,0.23,0.25,0.7,0,1,0,0
231,Evan Dunham,5' 10,155.,5' 10,"Dec 18, 1981",5.33,0.39,3.54,0.61,1.82,0.33,0.79,1.0,0,0,1,0
232,Merab Dvalishvili,5' 6,135.,5' 6,"Jan 10, 1991",3.91,0.39,2.08,0.61,7.71,0.43,0.8,0.3,0,1,0,0
233,Brian Ebersole,6' 0,170.,6' 0,"Nov 27, 1980",2.32,0.49,2.14,0.56,1.7,0.23,0.61,0.1,0,0,1,0
234,Frankie Edgar,5' 6,135.,5' 6,"Oct 16, 1981",3.7,0.39,2.71,0.66,2.28,0.31,0.65,0.3,0,1,0,0
235,Joselyne Edwards,5' 8,135.,5' 8,"Sep 29, 1995",4.2,0.53,3.83,0.46,0.5,0.16,0.37,0.5,0,1,0,0
236,Justin Edwards,5' 10,155.,5' 10,"Jan 26, 1983",2.68,0.42,3.32,0.51,2.14,0.26,0.27,1.0,0,1,0,0
237,Leon Edwards,6' 2,170.,6' 2,"Aug 25, 1991",2.56,0.47,2.03,0.55,1.35,0.3,0.7,0.4,0,0,1,0
238,Yves Edwards,5' 9,155.,5' 9,"Sep 30, 1976",2.91,0.42,2.34,0.66,0.76,0.53,0.69,0.7,0,0,1,0
239,Per Eklund,5' 10,155.,5' 10,,2.07,0.61,2.38,0.67,2.07,0.11,0.5,3.6,0,1,0,0
240,Jake Ellenberger,5' 9,170.,5' 9,"Mar 28, 1985",2.47,0.39,2.83,0.6,2.04,0.47,0.86,0.4,0,1,0,0
241,Darren Elkins,5' 10,145.,5' 10,"May 16, 1984",3.5,0.38,3.08,0.52,2.7,0.33,0.58,1.2,0,1,0,0
242,Joe Ellenberger,5' 9,155.,5' 9,"Mar 28, 1985",1.62,0.47,3.45,0.48,3.17,0.4,0.0,1.1,0,1,0,0
243,Tim Elliott,5' 7,125.,5' 7,"Dec 24, 1986",3.35,0.45,2.49,0.59,4.01,0.49,0.58,1.1,0,0,1,0
244,Rob Emerson,5' 9,155.,5' 9,"Jul 30, 1981",2.5,0.3,2.83,0.64,2.02,0.52,0.65,0.4,0,1,0,0
245,Ramazan Emeev,5' 10,170.,5' 10,"May 23, 1987",2.5,0.45,1.98,0.66,2.33,0.29,0.66,0.5,0,0,1,0
246,Josh Emmett,5' 6,145.,5' 6,"Mar 04, 1985",4.32,0.39,4.02,0.63,1.43,0.47,0.5,0.1,0,1,0,0
247,Fedor Emelianenko,6' 0,230.,6' 0,"Sep 28, 1976",3.18,0.51,1.0,0.63,2.0,0.63,0.82,1.9,0,1,0,0
248,Julian Erosa,6' 1,145.,6' 1,"Jul 31, 1989",5.07,0.47,5.72,0.5,1.32,0.54,0.58,0.9,0,0,1,0
249,Efrain Escudero,5' 9,155.,5' 9,"Jan 15, 1986",2.92,0.44,2.3,0.63,1.31,0.4,0.66,0.8,0,1,0,0
250,Carla Esparza,5' 1,115.,5' 1,"Oct 10, 1987",2.29,0.42,2.85,0.53,3.44,0.35,0.48,0.3,0,1,0,0
251,Juan Espino,6' 3,250.,6' 3,"Oct 09, 1980",4.32,0.8,0.54,0.42,14.19,0.77,0.0,6.1,0,0,0,0
252,Jordan Espinosa,5' 6,125.,5' 6,"Nov 08, 1989",4.22,0.52,2.94,0.57,0.75,0.28,0.7,0.2,0,1,0,0
253,Terry Etim,6' 1,155.,6' 1,"Jan 11, 1986",2.16,0.35,2.53,0.67,0.43,0.3,0.39,1.4,0,1,0,0
254,Sijara Eubanks,5' 4,135.,5' 4,"Apr 27, 1985",4.52,0.43,3.69,0.57,1.88,0.46,0.65,0.4,0,1,0,0
255,Billy Evangelista,5' 8,155.,5' 8,"Oct 07, 1980",4.51,0.4,3.96,0.61,1.6,0.19,0.61,0.2,0,1,0,0
256,Tonya Evinger,5' 7,135.,5' 7,"Jun 04, 1981",1.16,0.42,4.02,0.38,0.93,0.3,0.33,0.9,0,1,0,0
257,Andre Ewell,5' 8,135.,5' 8,"Jan 21, 1988",4.42,0.41,4.25,0.52,0.29,0.66,0.7,0.1,0,0,1,0
258,Jessica Eye,5' 6,125.,5' 6,"Jul 27, 1986",3.76,0.37,4.01,0.55,0.45,0.4,0.57,0.5,0,1,0,0
259,Wagnney Fabiano,5' 6,145.,5' 6,"Jul 14, 1975",1.19,0.38,0.66,0.7,3.44,0.64,1.0,0.4,0,0,1,0
260,Urijah Faber,5' 6,135.,5' 6,"May 14, 1979",2.65,0.4,2.59,0.64,1.54,0.3,0.58,0.8,0,1,0,0
261,Paul Felder,5' 11,155.,5' 11,"Apr 25, 1984",3.7,0.44,3.44,0.48,0.29,0.28,0.64,0.2,0,1,0,0
262,Kevin Ferguson,6' 2,235.,6' 2,"Feb 08, 1974",2.3,0.5,3.41,0.38,3.1,0.72,0.36,1.2,0,1,0,0
263,Tony Ferguson,5' 11,155.,5' 11,"Feb 12, 1984",5.46,0.45,3.94,0.59,0.45,0.42,0.7,1.1,0,1,0,0
264,Cezar Ferreira,6' 1,185.,6' 1,"Feb 15, 1985",1.9,0.42,2.44,0.53,2.69,0.53,0.84,0.5,0,0,1,0
265,Diego Ferreira,5' 9,155.,5' 9,"Jan 18, 1985",4.85,0.37,3.26,0.58,0.89,0.26,0.68,0.9,0,1,0,0
266,Drew Fickett,5' 10,155.,5' 10,"Dec 14, 1979",2.33,0.41,2.29,0.57,1.3,0.35,0.3,2.2,0,1,0,0
267,Deiveson Figueiredo,5' 5,125.,5' 5,"Dec 18, 1987",3.38,0.56,3.35,0.5,1.57,0.5,0.61,2.4,0,1,0,0
268,Edwin Figueroa,5' 7,135.,5' 7,"Jul 31, 1984",2.57,0.39,3.06,0.51,0.2,1.0,0.37,0.6,0,1,0,0
269,Andre Fili,5' 11,145.,5' 11,"Jun 25, 1990",3.73,0.36,3.9,0.52,2.5,0.49,0.64,0.2,0,1,0,0
270,Mirko Filipovic,6' 2,230.,6' 2,"Sep 10, 1974",2.11,0.5,1.89,0.63,0.19,0.4,0.78,0.3,0,0,1,0
271,Luigi Fioravanti,5' 8,170.,5' 8,"Jan 22, 1981",2.23,0.42,2.21,0.69,3.76,0.63,0.67,0.9,0,1,0,0
272,Spencer Fisher,5' 7,155.,5' 7,"May 09, 1976",3.17,0.43,3.03,0.64,0.67,0.3,0.6,0.8,0,0,1,0
273,Chris Fishgold,5' 8,145.,5' 8,"Jun 06, 1992",2.01,0.32,2.7,0.46,2.59,0.46,0.44,1.3,0,1,0,0
274,Jimmy Flick,5' 7,125.,5' 7,"Sep 07, 1990",1.99,0.58,2.3,0.5,1.81,0.5,0.0,7.2,0,1,0,0
275,Jon Fitch,6' 0,170.,6' 0,"Feb 24, 1978",2.61,0.5,1.65,0.54,3.6,0.51,0.56,0.8,0,1,0,0
276,Kenny Florian,5' 10,145.,5' 10,"May 26, 1976",2.41,0.4,1.85,0.63,2.22,0.33,0.6,1.3,0,0,1,0
277,Rob Font,5' 8,135.,5' 8,"Jun 25, 1987",5.21,0.42,3.83,0.62,1.2,0.36,0.48,0.8,0,1,0,0
278,Jesse Forbes,6' 2,185.,6' 2,"Oct 24, 1984",2.11,0.24,4.06,0.53,1.79,0.75,0.66,1.2,0,0,1,0
279,Marcel Fortuna,6' 1,205.,6' 1,"Oct 22, 1985",3.83,0.46,4.52,0.64,0.45,0.08,0.75,0.5,0,1,0,0
280,Jussier Formiga,5' 5,125.,5' 5,"Apr 14, 1985",1.42,0.39,2.34,0.64,1.82,0.35,0.87,0.6,0,1,0,0
281,Brian Foster,5' 9,170.,5' 9,"Apr 03, 1984",3.3,0.39,1.63,0.65,3.67,0.6,0.37,1.8,0,1,0,0
282,John Franchi,5' 6,145.,5' 6,"Jul 16, 1982",1.83,0.48,2.59,0.48,2.68,0.8,0.4,0.3,0,1,0,0
283,Hermes Franca,5' 6,155.,5' 6,"Aug 26, 1974",1.78,0.39,2.85,0.55,1.53,0.36,0.37,2.4,0,1,0,0
284,Glaico Franca Moreira,6' 0,155.,6' 0,"Feb 28, 1991",2.35,0.42,3.46,0.47,2.68,0.42,0.76,0.3,0,1,0,0
285,Rich Franklin,6' 1,185.,6' 1,"Oct 05, 1974",4.1,0.44,2.07,0.62,1.31,0.66,0.63,0.7,0,0,1,0
286,Patricio Freire,5' 5,145.,5' 5,"Jul 07, 1987",2.84,0.41,4.43,0.6,0.6,0.18,0.94,0.6,0,0,0,0
287,Matt Frevola,5' 9,155.,5' 9,"Jun 11, 1990",2.73,0.37,3.44,0.58,2.59,0.37,0.4,1.1,0,1,0,0
288,Jinh Yu Frey,5' 3,115.,5' 3,"May 20, 1985",1.79,0.4,3.35,0.44,1.06,0.42,0.83,0.7,0,0,1,0
289,Claudia Gadelha,5' 4,115.,5' 4,"Dec 07, 1988",3.31,0.41,4.57,0.57,3.03,0.42,0.58,0.7,0,1,0,0
290,Mitch Gagnon,5' 5,135.,5' 5,"Oct 10, 1984",2.76,0.46,2.21,0.61,1.16,0.25,0.65,1.9,0,0,1,0
291,Mickey Gall,6' 2,170.,6' 2,"Jan 22, 1992",2.55,0.46,3.65,0.42,1.15,0.26,0.4,2.1,0,0,0,1
292,Manvel Gamburyan,5' 5,135.,5' 5,"May 08, 1981",2.13,0.41,2.83,0.55,3.26,0.34,0.69,0.7,0,1,0,0
293,Ciryl Gane,6' 4,245.,6' 4,"Apr 12, 1990",5.04,0.55,1.85,0.69,1.13,0.26,1.0,0.5,0,1,0,0
294,Leonard Garcia,5' 10,145.,5' 10,"Jul 14, 1979",2.77,0.24,4.79,0.52,0.3,0.26,0.42,0.5,0,1,0,0
295,Edgar Garcia,5' 10,170.,5' 10,"Feb 22, 1984",3.16,0.29,4.23,0.6,2.21,0.57,0.5,0.6,0,1,0,0
296,Alex Garcia,5' 9,170.,5' 9,"Jul 14, 1987",1.81,0.31,3.03,0.59,3.72,0.52,0.66,0.1,0,1,0,0
297,Steve Garcia,6' 0,155.,6' 0,"May 22, 1992",4.31,0.55,2.52,0.36,0.61,0.25,1.0,0.6,0,0,1,0
298,Elias Garcia,5' 5,125.,5' 5,"Sep 13, 1992",1.59,0.27,5.05,0.5,0.68,0.14,0.33,1.4,0,0,1,0
299,Pablo Garza,6' 1,145.,6' 1,"Sep 16, 1983",3.37,0.44,2.7,0.5,0.94,0.25,0.15,1.3,0,1,0,0
300,Kelvin Gastelum,5' 9,185.,5' 9,"Oct 24, 1991",3.64,0.43,2.92,0.59,1.22,0.39,0.64,0.1,0,0,1,0
301,Louis Gaudinot,5' 3,125.,5' 3,"Aug 28, 1984",2.34,0.37,6.42,0.48,0.57,0.4,0.31,1.1,0,1,0,0
302,Chad George,5' 6,135.,5' 6,"Apr 30, 1982",1.26,0.5,1.11,0.65,3.08,0.46,0.0,1.3,0,0,1,0
303,Christos Giagos,5' 10,155.,5' 10,"Jan 23, 1990",2.88,0.41,2.59,0.51,3.11,0.39,0.5,0.3,0,1,0,0
304,Cody Gibson,5' 10,135.,5' 10,"Sep 11, 1987",2.47,0.31,2.54,0.63,1.85,0.38,0.58,0.4,0,1,0,0
305,Trevin Giles,6' 0,185.,6' 0,"Aug 06, 1992",3.26,0.56,1.88,0.62,1.37,0.8,0.79,0.3,0,1,0,0
306,Gregor Gillespie,5' 7,155.,5' 7,"Nov 13, 1986",3.58,0.49,2.14,0.6,7.02,0.47,0.0,0.9,0,1,0,0
307,Rick Glenn,6' 0,145.,6' 0,"Apr 12, 1989",4.31,0.42,4.29,0.53,0.67,0.13,0.66,0.3,0,0,1,0
308,Marcelo Golm,6' 3,249.,6' 3,"Sep 15, 1992",4.27,0.58,4.3,0.45,0.45,0.5,0.87,0.5,0,1,0,0
309,Frank Gomez,5' 10,135.,5' 10,"Mar 31, 1986",1.52,0.48,0.79,0.66,1.14,0.6,0.7,0.8,0,1,0,0
310,Akihiro Gono,5' 7,170.,5' 7,"Oct 07, 1974",2.18,0.48,2.67,0.63,1.01,0.84,0.46,0.5,0,0,0,1
311,Takanori Gomi,5' 7,155.,5' 7,"Sep 22, 1978",3.81,0.41,3.52,0.6,1.23,0.65,0.63,0.8,0,0,1,0
312,Gabriel Gonzaga,6' 2,242.,6' 2,"May 18, 1979",2.12,0.45,2.94,0.57,2.8,0.39,0.66,1.1,0,1,0,0
313,Fernando Gonzalez,5' 9,170.,5' 9,"Sep 15, 1983",4.47,0.47,4.03,0.65,0.86,0.33,0.43,1.4,0,0,1,0
314,Thibault Gouti,5' 10,155.,5' 10,"Feb 27, 1987",3.68,0.34,5.64,0.5,1.23,0.8,0.83,0.3,0,1,0,0
315,Jonathan Goulet,6' 0,170.,6' 0,"Jul 13, 1979",1.61,0.41,2.01,0.46,4.17,0.7,0.45,0.6,0,1,0,0
316,Wilson Gouveia,6' 1,185.,6' 1,"Oct 03, 1978",3.02,0.39,4.06,0.56,0.9,0.66,0.57,2.2,0,1,0,0
317,Roger Gracie,6' 4,185.,6' 4,"Sep 26, 1981",1.78,0.35,1.79,0.61,1.87,0.53,0.6,1.9,0,1,0,0
318,Kron Gracie,5' 9,145.,5' 9,"Jul 11, 1988",5.15,0.41,8.13,0.53,0.88,0.25,0.0,0.9,0,0,1,0
319,Davey Grant,5' 8,135.,5' 8,"Dec 18, 1985",3.93,0.47,2.47,0.63,2.3,0.45,0.66,0.2,0,1,0,0
320,TJ Grant,5' 10,155.,5' 10,"Feb 26, 1984",3.95,0.54,3.21,0.56,1.63,0.43,0.36,0.6,0,1,0,0
321,Tony Gravely,5' 5,135.,5' 5,"Sep 28, 1991",3.69,0.55,3.16,0.42,5.6,0.51,0.5,0.8,0,1,0,0
322,Alexa Grasso,5' 5,125.,5' 5,"Aug 09, 1993",4.96,0.43,3.61,0.64,0.28,0.4,0.6,0.6,0,1,0,0
323,Michael Graves,5' 10,170.,5' 10,"Jan 08, 1991",1.25,0.54,1.47,0.58,4.8,0.52,0.66,0.4,0,1,0,0
324,Max Griffin,5' 11,170.,5' 11,"Nov 29, 1985",4.14,0.48,3.94,0.56,1.7,0.51,0.66,0.5,0,1,0,0
325,Tyson Griffin,5' 6,145.,5' 6,"Apr 20, 1984",3.71,0.41,2.3,0.65,1.87,0.46,0.59,0.9,0,1,0,0
326,Gabe Green,5' 10,170.,5' 10,"May 02, 1993",6.57,0.46,7.23,0.49,1.0,1.0,0.57,0.5,0,0,0,1
327,Bobby Green,5' 10,155.,5' 10,"Sep 09, 1986",5.17,0.51,3.32,0.63,1.56,0.41,0.72,0.3,0,1,0,0
328,Matt Grice,5' 8,145.,5' 8,"Jul 29, 1981",4.09,0.53,2.69,0.56,2.19,0.37,0.82,0.5,0,1,0,0
329,Forrest Griffin,6' 3,205.,6' 3,"Mar 16, 1979",4.38,0.36,2.81,0.61,1.05,0.48,0.57,0.7,0,1,0,0
330,Jordan Griffin,5' 10,145.,5' 10,"Feb 28, 1990",2.6,0.46,3.18,0.48,0.78,0.23,0.42,1.8,0,0,1,0
331,Josh Grispi,5' 11,145.,5' 11,"Oct 14, 1988",1.44,0.41,3.71,0.5,1.97,0.36,0.16,2.2,0,1,0,0
332,Kendall Grove,6' 6,185.,6' 6,"Nov 12, 1982",2.31,0.41,2.4,0.54,0.49,0.45,0.56,1.7,0,1,0,0
333,Vik Grujic,5' 11,170.,5' 11,"Feb 06, 1977",2.24,0.48,3.39,0.41,1.18,0.33,0.26,0.4,0,1,0,0
334,Mike Grundy,5' 7,145.,5' 7,"Jan 03, 1987",2.15,0.43,4.09,0.58,4.25,0.38,1.0,0.6,0,1,0,0
335,Shannon Gugerty,5' 10,155.,5' 10,"Dec 30, 1981",1.25,0.39,1.88,0.58,2.13,0.27,0.5,3.4,0,1,0,0
336,Clay Guida,5' 7,155.,5' 7,"Dec 08, 1981",2.44,0.34,2.57,0.63,3.36,0.38,0.68,0.7,0,1,0,0
337,Melvin Guillard,5' 9,155.,5' 9,"Mar 30, 1983",2.96,0.4,1.85,0.66,1.3,0.63,0.61,0.2,0,1,0,0
338,Jorge Gurgel,5' 7,155.,5' 7,"Jan 25, 1977",3.37,0.32,3.62,0.62,0.81,0.23,0.6,0.5,0,1,0,0
339,John Gunderson,5' 9,155.,5' 9,"Jan 05, 1979",1.04,0.27,1.71,0.58,1.67,0.33,0.11,2.0,0,1,0,0
340,Alexander Gustafsson,6' 5,205.,6' 5,"Jan 15, 1987",4.02,0.4,3.42,0.51,1.54,0.39,0.83,0.4,0,1,0,0
341,Chris Gutierrez,5' 9,145.,5' 9,"Apr 22, 1991",4.3,0.57,2.45,0.59,0.57,0.6,0.73,0.2,0,1,0,0
342,Tim Hague,6' 4,260.,6' 4,"May 09, 1983",2.79,0.47,4.14,0.46,1.72,0.33,0.85,0.9,0,1,0,0
343,Mike Guymon,6' 0,170.,6' 0,"Sep 17, 1974",2.75,0.65,0.79,0.66,1.87,0.37,0.54,1.2,0,1,0,0
344,Damir Hadzovic,5' 9,155.,5' 9,"Aug 08, 1986",2.99,0.46,2.99,0.66,0.68,0.6,0.39,0.2,0,1,0,0
345,Ryan Hall,5' 10,145.,5' 10,"Feb 22, 1985",2.32,0.43,0.96,0.75,0.31,0.16,0.0,0.9,0,0,1,0
346,Dennis Hallman,5' 9,155.,5' 9,"Dec 02, 1975",1.12,0.44,1.96,0.43,1.79,0.3,0.25,2.1,0,1,0,0
347,Uriah Hall,6' 0,185.,6' 0,"Jul 31, 1984",3.34,0.51,3.54,0.53,0.67,0.38,0.69,0.2,0,1,0,0
348,Piotr Hallmann,5' 9,155.,5' 9,"Aug 25, 1987",3.98,0.45,3.17,0.58,2.55,0.44,0.7,0.4,0,1,0,0
349,Kay Hansen,5' 2,115.,5' 2,"Aug 14, 1999",3.57,0.59,3.03,0.54,2.19,0.25,1.0,1.6,0,1,0,0
350,Dan Hardy,6' 0,170.,6' 0,"May 17, 1982",2.46,0.35,3.44,0.51,0.73,0.35,0.35,0.4,0,1,0,0
351,Dale Hartt,5' 10,155.,5' 10,"Apr 04, 1979",1.14,0.35,1.55,0.66,1.22,1.0,0.25,2.5,0,1,0,0
352,Walt Harris,6' 5,250.,6' 5,"Jun 10, 1983",2.95,0.38,3.43,0.54,0.3,0.28,0.72,0.1,0,0,1,0
353,Clay Harvison,6' 1,170.,6' 1,"Sep 25, 1980",3.29,0.48,3.91,0.58,0.66,1.0,0.68,1.3,0,1,0,0
354,John Hathaway,6' 1,170.,6' 1,"Jul 23, 1987",3.4,0.4,1.8,0.62,2.61,0.43,0.6,0.9,0,1,0,0
355,Dustin Hazelett,6' 1,170.,6' 1,"Apr 29, 1986",2.24,0.4,3.51,0.46,0.55,0.5,0.25,4.1,0,1,0,0
356,James Head,6' 1,170.,6' 1,"Feb 09, 1984",2.75,0.48,3.11,0.49,0.41,1.0,0.66,0.8,0,1,0,0
357,Pat Healy,6' 0,155.,6' 0,"Jul 20, 1983",2.57,0.36,2.57,0.5,3.08,0.37,0.55,1.1,0,1,0,0
358,David Heath,5' 11,205.,5' 11,"Feb 10, 1976",1.48,0.3,5.16,0.49,0.33,0.5,0.57,1.0,0,1,0,0
359,Marcin Held,5' 9,155.,5' 9,"Jan 18, 1992",1.41,0.34,2.02,0.47,2.46,0.46,0.37,1.3,0,1,0,0
360,Ian Heinisch,5' 11,185.,5' 11,"Aug 05, 1988",3.28,0.5,2.79,0.58,1.13,0.18,0.6,0.8,0,1,0,0
361,Benson Henderson,5' 9,170.,5' 9,"Nov 16, 1983",2.93,0.45,1.79,0.63,2.4,0.45,0.63,0.8,0,0,1,0
362,Johny Hendricks,5' 9,185.,5' 9,"Sep 12, 1983",3.49,0.45,3.99,0.53,3.83,0.46,0.63,0.3,0,0,1,0
363,Dan Henderson,5' 11,185.,5' 11,"Aug 24, 1970",2.44,0.47,2.7,0.51,1.52,0.52,0.57,0.3,0,1,0,0
364,Luis Henrique,6' 2,243.,6' 2,"Aug 21, 1993",1.81,0.43,2.22,0.47,3.09,0.36,0.5,1.0,0,1,0,0
365,Danny Henry,6' 0,145.,6' 0,"Jul 17, 1988",5.2,0.51,4.16,0.45,0.74,0.33,0.5,2.2,0,1,0,0
366,Ed Herman,6' 1,205.,6' 1,"Oct 02, 1980",3.32,0.49,3.35,0.43,2.21,0.48,0.6,1.2,0,1,0,0
367,Jack Hermansson,6' 1,185.,6' 1,"Jun 10, 1988",5.03,0.44,3.46,0.54,1.96,0.34,0.75,0.7,0,1,0,0
368,Anthony Hernandez,6' 0,185.,6' 0,"Oct 18, 1993",4.92,0.55,5.09,0.47,3.76,0.66,0.7,1.9,0,1,0,0
369,Geane Herrera,5' 5,125.,5' 5,"May 27, 1990",1.51,0.31,5.07,0.52,0.83,0.37,0.38,0.6,0,1,0,0
370,Felice Herrig,5' 4,115.,5' 4,"Sep 18, 1984",3.63,0.36,4.84,0.49,1.18,0.3,0.72,0.9,0,1,0,0
371,Heath Herring,6' 4,250.,6' 4,"Mar 02, 1978",2.37,0.5,1.77,0.54,1.22,0.5,0.32,0.7,0,1,0,0
372,Marcus Hicks,5' 6,155.,5' 6,"Nov 25, 1975",1.42,0.43,3.06,0.61,2.7,0.53,0.25,4.0,0,0,1,0
373,Jimy Hettes,5' 9,145.,5' 9,"Jun 09, 1987",3.47,0.57,3.5,0.57,5.2,0.44,0.61,1.4,0,0,1,0
374,Jay Hieron,6' 0,170.,6' 0,"Jul 29, 1976",1.66,0.32,1.89,0.61,4.05,0.6,0.66,1.0,0,1,0,0
375,Jason High,5' 8,155.,5' 8,"Oct 12, 1981",1.28,0.42,1.56,0.48,2.36,0.63,0.37,2.8,0,0,1,0
376,Angela Hill,5' 3,115.,5' 3,"Jan 12, 1985",5.66,0.5,4.98,0.64,0.45,0.36,0.76,0.1,0,1,0,0
377,Hatsu Hioki,5' 11,145.,5' 11,"Jul 18, 1983",2.42,0.42,2.12,0.65,2.55,0.56,0.54,0.6,0,1,0,0
378,Kuniyoshi Hironaka,5' 10,168.,5' 10,"Jun 17, 1976",1.98,0.4,3.01,0.54,1.91,0.3,0.25,0.6,0,1,0,0
379,Mizuto Hirota,5' 7,155.,5' 7,"May 05, 1981",3.36,0.4,3.5,0.54,1.36,0.5,0.58,0.1,0,1,0,0
380,Kevin Holland,6' 3,185.,6' 3,"Nov 05, 1992",4.14,0.56,2.58,0.56,1.08,0.45,0.51,0.7,0,1,0,0
381,Andrew Holbrook,5' 11,155.,5' 11,"Feb 06, 1986",2.2,0.49,3.0,0.54,0.85,0.18,0.1,2.1,0,0,1,0
382,Max Holloway,5' 11,145.,5' 11,"Dec 04, 1991",7.26,0.46,4.58,0.6,0.21,0.71,0.84,0.3,0,1,0,0
383,Holly Holm,5' 8,135.,5' 8,"Oct 17, 1981",3.16,0.38,2.8,0.57,0.81,0.3,0.76,0.1,0,0,1,0
384,Kurt Holobaugh,5' 11,155.,5' 11,"Sep 08, 1986",4.51,0.42,4.28,0.46,0.97,0.36,0.45,0.7,0,1,0,0
385,Paddy Holohan,5' 10,125.,5' 10,"May 03, 1988",2.13,0.46,2.81,0.46,2.88,0.47,0.71,1.3,0,1,0,0
386,Scott Holtzman,5' 9,155.,5' 9,"Sep 30, 1983",4.44,0.49,3.47,0.54,2.16,0.58,0.66,0.2,0,1,0,0
387,Mark Hominick,5' 8,145.,5' 8,"Jul 22, 1982",4.08,0.42,4.18,0.69,0.25,0.66,0.71,0.9,0,1,0,0
388,Chase Hooper,6' 1,145.,6' 1,"Sep 13, 1999",4.43,0.45,3.95,0.38,0.32,0.07,0.66,2.2,0,0,1,0
389,Dan Hooker,6' 0,155.,6' 0,"Feb 13, 1990",4.95,0.48,4.92,0.51,0.72,0.34,0.79,0.3,0,0,0,1
390,Chris Horodecki,5' 9,155.,5' 9,"Sep 24, 1987",4.59,0.41,3.16,0.65,1.52,0.55,0.37,0.9,0,1,0,0
391,Jeremy Horn,6' 1,185.,6' 1,"Aug 25, 1975",1.19,0.39,1.99,0.55,1.83,0.38,0.29,1.1,0,1,0,0
392,Jeff Hougland,5' 7,135.,5' 7,"Aug 02, 1978",1.86,0.48,3.46,0.47,0.86,0.18,0.0,1.1,0,1,0,0
393,Darrell Horcher,5' 10,155.,5' 10,"Jul 28, 1987",2.05,0.44,4.21,0.39,0.35,0.5,0.47,0.7,0,0,1,0
394,John Howard,5' 7,170.,5' 7,"Mar 01, 1983",2.15,0.5,3.08,0.51,2.7,0.49,0.53,0.4,0,1,0,0
395,Collin Huckbody,6' 3,185.,6' 3,"Sep 29, 1994",2.05,0.6,2.73,0.42,10.23,1.0,0.0,20.4,0,1,0,0
396,Matt Hughes,5' 9,170.,5' 9,"Oct 13, 1973",2.14,0.53,1.36,0.53,2.95,0.5,0.35,1.2,0,0,0,1
397,Roger Huerta,5' 9,155.,5' 9,"May 20, 1983",3.64,0.36,2.33,0.56,2.13,0.46,0.52,0.5,0,1,0,0
398,Mark Hunt,5' 10,265.,5' 10,"Mar 23, 1974",2.81,0.43,2.9,0.51,0.51,0.55,0.64,0.2,0,1,0,0
399,Khadis Ibragimov,6' 3,205.,6' 3,"May 21, 1995",3.55,0.49,4.26,0.47,0.97,0.3,0.8,0.3,0,1,0,0
400,Al Iaquinta,5' 10,155.,5' 10,"Apr 30, 1987",4.06,0.4,4.44,0.61,0.64,0.18,0.74,0.2,0,1,0,0
401,Dan Ige,5' 7,145.,5' 7,"Aug 06, 1991",3.95,0.46,3.36,0.58,1.68,0.27,0.59,0.5,0,1,0,0
402,Nassourdine Imavov,6' 3,185.,6' 3,"Mar 01, 1995",4.17,0.61,2.03,0.59,0.5,0.12,0.6,2.0,0,1,0,0
403,Leandro Issa,5' 7,135.,5' 7,"Sep 19, 1983",2.08,0.37,3.17,0.58,2.38,0.22,0.5,1.2,0,1,0,0
404,Blagoy Ivanov,5' 11,250.,5' 11,"Oct 09, 1986",3.32,0.4,4.15,0.54,1.06,0.54,0.75,0.2,0,0,1,0
405,Yves Jabouin,5' 7,135.,5' 7,"May 30, 1979",3.06,0.41,2.93,0.62,1.94,0.6,0.82,0.1,0,1,0,0
406,Quinton Jackson,6' 1,205.,6' 1,"Jun 20, 1978",3.25,0.54,2.51,0.55,1.52,0.56,0.73,0.1,0,1,0,0
407,Damon Jackson,5' 11,145.,5' 11,"Aug 08, 1988",2.46,0.35,3.63,0.45,1.14,0.2,0.35,2.7,0,0,0,1
408,Montel Jackson,5' 10,135.,5' 10,"Apr 24, 1992",3.77,0.55,1.5,0.56,4.15,0.77,0.66,0.2,0,0,1,0
409,Virna Jandiroba,5' 3,115.,5' 3,"May 30, 1988",2.39,0.46,3.08,0.54,3.16,0.53,0.73,2.0,0,1,0,0
410,Dave Jansen,5' 9,155.,5' 9,"Aug 21, 1979",2.94,0.33,3.67,0.58,2.79,0.28,0.38,0.9,0,1,0,0
411,Keith Jardine,6' 2,185.,6' 2,"Oct 31, 1975",3.25,0.36,2.98,0.59,1.18,0.45,0.62,0.7,0,1,0,0
412,Rony Jason,5' 7,145.,5' 7,"Mar 21, 1984",2.04,0.44,3.14,0.53,0.59,0.3,0.36,0.8,0,1,0,0
413,Joanna Jedrzejczyk,5' 6,115.,5' 6,"Aug 18, 1987",6.3,0.48,3.08,0.64,0.28,0.62,0.81,0.1,0,1,0,0
414,Ryan Jensen,6' 1,185.,6' 1,"Sep 20, 1977",2.84,0.39,2.99,0.59,1.55,0.5,0.31,1.9,0,1,0,0
415,Sung Bin Jo,6' 0,145.,6' 0,"Jul 17, 1992",1.4,0.33,2.67,0.51,1.0,0.33,0.83,1.0,0,1,0,0
416,Brett Johns,5' 7,135.,5' 7,"Feb 21, 1992",2.86,0.49,3.84,0.53,4.92,0.49,0.58,1.0,0,1,0,0
417,DaMarques Johnson,6' 1,170.,6' 1,"Jun 28, 1982",2.11,0.37,3.75,0.51,1.18,0.55,0.19,0.7,0,1,0,0
418,Lavar Johnson,6' 4,240.,6' 4,"Jun 11, 1977",5.39,0.55,2.54,0.55,0.61,0.66,0.54,0.6,0,1,0,0
419,Kajan Johnson,5' 11,155.,5' 11,"Apr 21, 1984",2.47,0.42,1.59,0.64,1.54,0.37,0.62,0.2,0,1,0,0
420,Demetrious Johnson,5' 3,125.,5' 3,"Aug 13, 1986",3.43,0.54,1.66,0.67,3.35,0.56,0.65,0.5,0,1,0,0
421,Michael Johnson,5' 10,155.,5' 10,"Jun 04, 1986",4.21,0.38,3.82,0.58,0.49,0.45,0.77,0.1,0,0,1,0
422,Jordan Johnson,6' 2,205.,6' 2,"Nov 18, 1988",3.45,0.47,2.64,0.53,3.25,0.42,1.0,1.2,0,1,0,0
423,Anthony Johnson,6' 2,205.,6' 2,"Mar 06, 1984",3.25,0.47,1.83,0.6,2.43,0.57,0.77,0.6,0,1,0,0
424,Liana Jojua,5' 4,125.,5' 4,"Mar 22, 1995",2.53,0.39,4.86,0.48,1.49,0.66,0.5,2.2,0,1,0,0
425,Jon Jones,6' 4,205.,6' 4,"Jul 19, 1987",4.3,0.57,2.22,0.64,1.85,0.44,0.95,0.4,0,1,0,0
426,Shawn Jordan,6' 0,260.,6' 0,"Oct 21, 1984",2.87,0.5,3.3,0.47,1.97,0.38,0.76,0.1,0,0,1,0
427,Ivan Jorge,5' 9,155.,5' 9,"Nov 07, 1980",3.41,0.49,2.91,0.59,1.56,0.16,0.75,0.6,0,1,0,0
428,Scott Jorgensen,5' 5,135.,5' 5,"Sep 17, 1982",3.37,0.4,3.41,0.65,2.61,0.45,0.59,0.7,0,1,0,0
429,Krzysztof Jotko,6' 1,185.,6' 1,"Aug 19, 1989",2.98,0.45,1.9,0.58,1.27,0.35,0.87,0.1,0,0,1,0
430,Alan Jouban,6' 0,170.,6' 0,"Nov 25, 1981",5.67,0.5,3.77,0.6,0.51,0.44,0.58,0.3,0,0,1,0
431,Chan Sung Jung,5' 7,145.,5' 7,"Mar 17, 1987",4.15,0.41,4.01,0.56,0.62,0.41,0.75,0.5,0,1,0,0
432,Myles Jury,5' 10,145.,5' 10,"Oct 31, 1988",2.94,0.42,2.16,0.66,2.16,0.55,0.5,0.3,0,1,0,0
433,Cristiane Justino,5' 8,145.,5' 8,"Jul 09, 1985",7.28,0.52,2.25,0.64,0.66,0.55,0.94,0.4,0,1,0,0
434,Kai Kamaka,5' 7,145.,5' 7,"Jan 05, 1995",6.58,0.6,6.74,0.49,3.68,0.75,0.37,0.6,0,1,0,0
435,Martin Kampmann,6' 0,170.,6' 0,"Apr 17, 1982",3.22,0.42,3.28,0.62,1.86,0.41,0.78,2.0,0,1,0,0
436,Masanori Kanehara,5' 7,135.,5' 7,"Nov 19, 1982",1.88,0.49,1.63,0.62,1.44,0.5,0.63,0.9,0,1,0,0
437,Kyung Ho Kang,5' 9,135.,5' 9,"Sep 09, 1987",2.52,0.44,2.43,0.58,2.53,0.59,0.71,1.1,0,1,0,0
438,Denis Kang,5' 11,185.,5' 11,"Sep 17, 1977",2.27,0.35,1.65,0.67,2.51,0.65,0.38,1.2,0,1,0,0
439,Alex Karalexis,5' 8,155.,5' 8,"Sep 20, 1977",2.57,0.42,2.39,0.54,2.7,0.45,0.86,0.9,0,1,0,0
440,Nadia Kassem,5' 5,125.,5' 5,"Nov 15, 1995",3.13,0.41,4.48,0.48,0.46,0.33,0.4,2.8,0,0,1,0
441,Tatsuya Kawajiri,5' 7,145.,5' 7,"May 08, 1978",2.04,0.44,2.01,0.5,3.63,0.48,0.63,1.1,0,1,0,0
442,Brian Kelleher,5' 6,145.,5' 6,"Aug 19, 1986",3.92,0.39,5.47,0.53,1.0,0.25,0.59,0.7,0,0,0,1
443,Chris Kelades,5' 7,125.,5' 7,"Feb 21, 1981",2.4,0.43,2.64,0.48,1.04,0.18,0.53,0.3,0,1,0,0
444,Daniel Kelly,6' 0,185.,6' 0,"Oct 31, 1977",3.62,0.38,4.64,0.61,1.86,0.34,0.78,0.3,0,0,1,0
445,Paul Kelly,5' 9,155.,5' 9,"Sep 12, 1984",3.22,0.37,2.61,0.59,1.34,0.6,0.3,1.5,0,1,0,0
446,Tim Kennedy,5' 11,185.,5' 11,"Sep 01, 1979",2.78,0.47,1.84,0.62,2.58,0.35,0.7,0.7,0,1,0,0
447,Casey Kenney,5' 7,140.,5' 7,"Mar 20, 1991",4.81,0.42,4.3,0.59,1.1,0.39,0.59,0.5,0,0,1,0
448,Rustam Khabilov,5' 8,155.,5' 8,"Nov 04, 1986",1.98,0.34,2.16,0.65,3.95,0.41,0.61,0.1,0,1,0,0
449,Aliaskhab Khizriev,5' 9,185.,5' 9,"Aug 24, 1990",6.0,0.83,3.6,0.66,18.0,0.5,0.0,18.0,0,0,1,0
450,Katsunori Kikuno,5' 8,145.,5' 8,"Oct 31, 1981",2.64,0.4,2.47,0.61,1.88,0.75,0.76,0.8,0,1,0,0
451,Jacob Kilburn,5' 9,145.,5' 9,"Jun 28, 1995",2.56,0.33,6.78,0.35,0.51,0.05,0.2,0.5,0,1,0,0
452,Pannie Kianzad,5' 7,135.,5' 7,"Dec 08, 1991",5.14,0.49,3.62,0.57,0.22,0.14,0.83,0.2,0,1,0,0
453,Dong Hyun Kim,6' 2,170.,6' 2,"Nov 17, 1981",2.12,0.49,1.89,0.58,2.93,0.43,0.71,0.6,0,0,1,0
454,Dustin Kimura,5' 7,135.,5' 7,"May 21, 1989",1.33,0.21,3.82,0.51,0.93,0.37,0.5,2.2,0,1,0,0
455,Rob Kimmons,5' 10,185.,5' 10,"Jan 30, 1981",1.86,0.48,4.79,0.38,2.08,0.46,0.25,2.4,0,1,0,0
456,Justine Kish,5' 5,125.,5' 5,"Apr 13, 1988",4.65,0.48,4.62,0.59,1.01,0.35,0.55,0.2,0,1,0,0
457,William Knight,5' 10,205.,5' 10,"Apr 03, 1988",4.69,0.76,2.88,0.33,3.76,0.66,0.63,0.5,0,1,0,0
458,Jason Knight,5' 10,145.,5' 10,"Jul 14, 1992",2.95,0.33,3.02,0.51,1.31,0.31,0.47,1.7,0,1,0,0
459,Erik Koch,5' 10,170.,5' 10,"Oct 04, 1988",2.33,0.42,2.82,0.47,1.02,0.42,0.81,1.0,0,0,1,0
460,Cheick Kongo,6' 4,240.,6' 4,"May 17, 1975",3.33,0.56,1.28,0.54,2.3,0.56,0.52,0.2,0,1,0,0
461,Naoyuki Kotani,5' 8,155.,5' 8,"Dec 08, 1981",1.02,0.31,2.89,0.5,0.83,0.16,0.46,0.8,0,0,1,0
462,Josh Koscheck,5' 10,170.,5' 10,"Nov 30, 1977",1.79,0.36,2.27,0.63,2.46,0.48,0.64,0.4,0,1,0,0
463,Karolina Kowalkiewicz,5' 3,115.,5' 3,"Oct 15, 1985",5.27,0.39,5.65,0.56,0.1,0.12,0.75,0.1,0,1,0,0
464,Derrick Krantz,5' 10,170.,5' 10,"Jan 13, 1988",2.07,0.37,4.03,0.5,3.18,0.5,0.0,0.8,0,1,0,0
465,James Krause,6' 2,170.,6' 2,"Jun 04, 1986",4.79,0.49,4.11,0.61,0.96,0.18,0.59,0.9,0,1,0,0
466,Nikita Krylov,6' 3,205.,6' 3,"Mar 07, 1992",4.33,0.56,2.52,0.43,1.34,0.33,0.55,1.3,0,1,0,0
467,Mariusz Ksiazkiewicz,6' 3,185.,6' 3,"Oct 04, 1989",0.93,0.45,3.4,0.39,4.0,1.0,0.0,2.0,0,0,1,0
468,Anton Kuivanen,5' 8,155.,5' 8,"May 01, 1984",2.27,0.38,1.63,0.67,1.2,1.0,0.71,0.4,0,1,0,0
469,Kiichi Kunimoto,5' 10,170.,5' 10,"May 01, 1981",1.87,0.44,3.92,0.41,1.59,0.2,0.28,0.3,0,1,0,0
470,Yana Kunitskaya,5' 6,135.,5' 6,"Nov 11, 1989",4.22,0.57,2.62,0.51,1.62,0.53,0.5,0.2,0,1,0,0
471,Mike Kyle,6' 4,205.,6' 4,"Mar 31, 1980",3.93,0.51,3.35,0.49,1.33,0.62,0.5,0.8,0,1,0,0
472,Ryan LaFlare,6' 1,170.,6' 1,"Oct 01, 1983",2.89,0.4,1.86,0.63,2.13,0.44,0.58,0.2,0,0,1,0
473,Aspen Ladd,5' 6,135.,5' 6,"Mar 01, 1995",5.22,0.55,4.84,0.46,2.45,0.75,0.66,1.2,0,1,0,0
474,Noad Lahat,5' 9,145.,5' 9,"Jun 08, 1984",2.79,0.46,1.47,0.63,2.37,0.26,0.16,2.4,0,1,0,0
475,Jason Lambert,6' 3,185.,6' 3,"Jun 03, 1975",3.21,0.58,1.84,0.5,1.35,0.36,0.28,2.4,0,1,0,0
476,Ricardo Lamas,5' 8,145.,5' 8,"May 21, 1982",3.13,0.47,2.87,0.57,1.84,0.33,0.46,0.9,0,1,0,0
477,Taylor Lapilus,5' 6,135.,5' 6,"Apr 08, 1992",3.77,0.45,2.0,0.61,0.58,0.4,0.81,0.6,0,0,1,0
478,Lina Lansberg,5' 7,135.,5' 7,"Mar 13, 1982",2.76,0.57,3.7,0.44,0.71,0.33,0.5,0.1,0,1,0,0
479,Brock Larson,5' 11,170.,5' 11,"Aug 23, 1977",1.39,0.46,1.5,0.55,2.67,0.34,0.43,2.0,0,0,1,0
480,Ilir Latifi,5' 10,205.,5' 10,"Jul 28, 1983",2.01,0.4,2.84,0.56,2.02,0.32,1.0,0.4,0,1,0,0
481,Jenel Lausa,5' 5,125.,5' 5,"Aug 01, 1988",1.44,0.42,3.53,0.53,0.55,0.66,0.51,0.8,0,1,0,0
482,Joe Lauzon,5' 10,155.,5' 10,"May 22, 1984",2.84,0.39,5.39,0.54,2.39,0.45,0.54,2.0,0,1,0,0
483,Tom Lawlor,6' 0,205.,6' 0,"May 15, 1983",2.5,0.42,2.41,0.6,2.46,0.32,0.57,1.4,0,0,1,0
484,Lorenz Larkin,5' 11,170.,5' 11,"Sep 03, 1986",3.53,0.46,2.74,0.63,0.27,0.42,0.79,0.1,0,1,0,0
485,Ronnie Lawrence,5' 8,135.,5' 8,"Jun 13, 1992",3.8,0.58,1.09,0.61,10.86,0.76,1.0,0.5,0,0,0,1
486,Cung Le,5' 9,185.,5' 9,"May 25, 1972",4.36,0.48,2.98,0.66,1.37,0.71,0.88,0.3,0,0,1,0
487,Jordan Leavitt,5' 9,155.,5' 9,"Jun 02, 1995",1.08,0.55,0.43,0.75,6.5,0.66,0.0,3.2,0,0,1,0
488,Chris Leben,5' 11,185.,5' 11,"Jul 21, 1980",2.87,0.42,2.87,0.52,1.14,0.41,0.53,0.8,0,0,1,0
489,Justin Ledet,6' 4,205.,6' 4,"Sep 28, 1988",3.35,0.39,4.82,0.49,0.23,0.5,0.42,0.2,0,1,0,0
490,Vaughan Lee,5' 6,125.,5' 6,"Oct 15, 1982",3.47,0.47,2.07,0.7,0.81,0.33,0.72,1.0,0,1,0,0
491,Andrea Lee,5' 6,125.,5' 6,"Feb 11, 1989",5.58,0.49,3.83,0.65,1.67,0.45,0.57,0.5,0,1,0,0
492,Kevin Lee,5' 9,170.,5' 9,"Sep 04, 1992",3.9,0.42,3.23,0.51,3.21,0.43,0.75,0.8,0,1,0,0
493,Thales Leites,6' 1,185.,6' 1,"Sep 06, 1981",2.13,0.4,2.99,0.52,2.1,0.27,0.3,1.1,0,1,0,0
494,Amanda Lemos,5' 4,115.,5' 4,"May 22, 1987",6.21,0.64,5.39,0.45,1.98,1.0,1.0,0.5,0,0,1,0
495,Jesse Lennox,5' 9,170.,5' 9,"Mar 10, 1982",2.69,0.32,3.2,0.64,1.22,0.66,0.63,0.3,0,1,0,0
496,Nik Lentz,5' 8,145.,5' 8,"Aug 13, 1984",3.44,0.47,3.25,0.5,3.3,0.32,0.43,1.2,0,1,0,0
497,Brock Lesnar,6' 3,265.,6' 3,"Jul 12, 1977",3.53,0.72,2.11,0.5,3.9,0.55,0.6,0.5,0,1,0,0
498,Valerie Letourneau,5' 7,115.,5' 7,"Apr 29, 1983",4.51,0.37,5.4,0.58,0.77,0.45,0.66,0.3,0,1,0,0
499,Marcus LeVesseur,5' 9,155.,5' 9,"Jul 17, 1982",2.55,0.64,3.7,0.37,3.89,0.36,0.83,0.6,0,0,1,0
500,Natan Levy,5' 9,155.,5' 9,"Sep 30, 1991",1.65,0.6,0.82,0.57,2.75,1.0,1.0,2.8,0,0,1,0
501,Hyun Gyu Lim,6' 3,170.,6' 3,"Jan 16, 1985",4.45,0.41,5.07,0.51,0.23,1.0,0.73,0.2,0,1,0,0
502,Dhiego Lima,6' 2,170.,6' 2,"Jan 31, 1989",3.14,0.38,3.93,0.59,1.38,0.42,0.73,0.7,0,1,0,0
503,Jess Liaudin,5' 9,170.,5' 9,,2.46,0.51,2.76,0.41,3.28,0.53,0.3,1.6,0,1,0,0
504,Matt Lindland,6' 0,185.,6' 0,"May 17, 1970",2.62,0.5,1.56,0.52,3.01,0.48,0.6,1.3,0,0,1,0
505,John Lineker,5' 3,135.,5' 3,"Jun 12, 1990",5.36,0.4,4.27,0.56,0.56,0.58,0.67,0.6,0,1,0,0
506,Ariane Lipski,5' 6,125.,5' 6,"Jan 26, 1994",3.03,0.32,4.45,0.48,0.27,0.25,0.45,0.5,0,1,0,0
507,Dean Lister,6' 1,185.,6' 1,"Feb 13, 1976",1.26,0.35,1.89,0.61,1.58,0.15,0.5,1.1,0,1,0,0
508,Dylan Lockard,5' 9,145.,5' 9,"May 19, 1992",1.31,0.53,3.31,0.52,2.31,0.4,0.28,1.2,0,1,0,0
509,David Loiseau,6' 0,185.,6' 0,"Dec 17, 1979",1.59,0.44,3.64,0.43,0.43,0.42,0.36,0.1,0,1,0,0
510,Hector Lombard,5' 9,185.,5' 9,"Feb 02, 1978",3.02,0.46,3.35,0.53,1.69,0.48,0.77,0.5,0,0,1,0
511,Gustavo Lopez,5' 5,135.,5' 5,"Jun 27, 1989",2.24,0.41,4.65,0.51,1.07,0.5,0.27,0.5,0,1,0,0
512,Matthew Lopez,5' 7,135.,5' 7,"Jan 21, 1987",3.13,0.5,3.73,0.55,3.32,0.6,0.71,1.3,0,0,1,0
513,Duane Ludwig,5' 10,170.,5' 10,"Aug 04, 1978",4.62,0.44,3.05,0.57,0.43,0.25,0.59,0.1,0,1,0,0
514,Travis Lutter,5' 11,185.,5' 11,"May 12, 1973",0.41,0.32,2.42,0.42,1.95,0.24,0.3,0.7,0,1,0,0
515,Tucker Lutz,5' 8,155.,5' 8,"Jul 12, 1994",4.33,0.49,2.8,0.47,2.0,0.57,0.81,0.5,0,1,0,0
516,Vicente Luque,5' 11,170.,5' 11,"Nov 27, 1991",5.72,0.53,5.82,0.52,0.68,0.5,0.64,0.8,0,1,0,0
517,Chris Lytle,5' 11,170.,5' 11,"Aug 18, 1974",3.76,0.45,3.03,0.58,0.7,0.55,0.55,2.4,0,1,0,0
518,Jason MacDonald,6' 3,185.,6' 3,"Jun 03, 1975",1.55,0.52,2.7,0.46,1.43,0.16,0.35,2.0,0,1,0,0
519,Rob MacDonald,6' 3,205.,6' 3,"Sep 05, 1978",1.8,0.5,2.04,0.46,7.19,0.8,0.8,5.4,0,1,0,0
520,Rory MacDonald,6' 0,170.,6' 0,"Jul 22, 1989",3.75,0.42,2.8,0.62,1.77,0.47,0.88,0.4,0,1,0,0
521,Veronica Macedo,5' 4,125.,5' 4,"Oct 30, 1995",3.13,0.39,5.06,0.43,0.57,0.18,0.46,0.6,0,0,1,0
522,Lyoto Machida,6' 1,185.,6' 1,"May 30, 1978",2.59,0.53,1.57,0.61,1.21,0.65,0.75,0.4,0,0,1,0
523,Don Madge,6' 0,155.,6' 0,"Nov 12, 1990",2.08,0.52,0.74,0.67,2.22,0.25,0.8,0.7,0,0,1,0
524,Yoshiro Maeda,5' 7,139.,5' 7,"Oct 31, 1981",2.36,0.33,2.55,0.63,2.93,0.51,0.5,0.7,0,0,1,0
525,Vinny Magalhaes,6' 3,205.,6' 3,"Jul 02, 1984",2.14,0.24,3.97,0.68,1.55,0.44,0.66,0.8,0,1,0,0
526,Caio Magalhaes,6' 1,185.,6' 1,"Dec 14, 1987",2.27,0.4,2.78,0.56,1.05,0.15,0.58,1.6,0,1,0,0
527,Reza Madadi,5' 11,155.,5' 11,"Jun 20, 1978",2.51,0.46,3.31,0.66,3.17,0.33,0.89,0.5,0,1,0,0
528,Angela Magana,5' 1,115.,5' 1,"Aug 02, 1983",1.53,0.28,4.92,0.42,0.4,0.25,0.28,0.4,0,1,0,0
529,Neil Magny,6' 3,170.,6' 3,"Aug 03, 1987",3.67,0.47,2.05,0.56,2.46,0.45,0.57,0.3,0,1,0,0
530,Rashid Magomedov,5' 9,155.,5' 9,"Nov 29, 1984",4.4,0.49,3.05,0.54,0.67,0.57,0.89,0.2,0,1,0,0
531,John Maguire,5' 9,155.,5' 9,"May 19, 1983",1.41,0.41,2.44,0.65,2.8,0.46,0.77,1.1,0,0,1,0
532,Zabit Magomedsharipov,6' 1,145.,6' 1,"Mar 01, 1991",4.89,0.48,3.0,0.64,5.22,0.56,0.77,0.8,0,1,0,0
533,Leonardo Mafra,5' 10,155.,5' 10,"Apr 25, 1989",4.55,0.48,4.38,0.43,2.12,0.83,0.69,0.4,0,1,0,0
534,Jennifer Maia,5' 4,125.,5' 4,"Oct 06, 1988",3.34,0.39,3.52,0.52,0.34,0.5,0.56,0.2,0,1,0,0
535,Demian Maia,6' 1,170.,6' 1,"Nov 06, 1977",1.82,0.43,2.03,0.63,2.55,0.26,0.61,1.0,0,0,1,0
536,Islam Makhachev,5' 10,155.,5' 10,"Oct 27, 1991",2.0,0.56,0.77,0.7,3.46,0.68,0.93,1.0,0,0,1,0
537,Zach Makovsky,5' 4,125.,5' 4,"Apr 19, 1983",1.94,0.43,2.24,0.62,3.71,0.3,0.56,0.3,0,0,1,0
538,Fabio Maldonado,6' 1,205.,6' 1,"Mar 17, 1980",5.29,0.58,4.31,0.53,0.44,0.57,0.61,0.6,0,1,0,0
539,Nate Maness,5' 10,135.,5' 10,"Jun 27, 1991",2.4,0.45,4.63,0.45,1.33,0.66,0.88,0.7,0,1,0,0
540,Cristiano Marcello,5' 9,155.,5' 9,"Dec 03, 1977",2.56,0.33,3.61,0.58,0.44,0.11,0.2,0.9,0,1,0,0
541,Jimi Manuwa,6' 1,205.,6' 1,"Feb 18, 1980",3.43,0.54,3.97,0.49,0.53,0.18,0.7,0.4,0,1,0,0
542,Ronny Markes,6' 1,185.,6' 1,"Apr 21, 1988",2.17,0.53,2.43,0.45,3.13,0.4,1.0,0.5,0,1,0,0
543,Randa Markos,5' 4,115.,5' 4,"Aug 10, 1985",2.85,0.41,3.2,0.59,1.23,0.28,0.57,0.2,0,1,0,0
544,Nate Marquardt,6' 0,185.,6' 0,"Apr 20, 1979",2.71,0.49,2.32,0.55,1.87,0.51,0.7,0.8,0,1,0,0
545,Danilo Marques,6' 6,205.,6' 6,"Dec 26, 1985",1.81,0.88,1.41,0.5,4.83,0.34,0.0,1.2,0,1,0,0
546,Carmelo Marrero,6' 0,205.,6' 0,"Jan 26, 1981",0.84,0.34,2.04,0.54,3.21,0.36,0.36,0.9,0,1,0,0
547,Eliot Marshall,6' 2,205.,6' 2,"Jul 07, 1980",1.93,0.27,2.39,0.67,0.47,0.33,0.79,0.9,0,1,0,0
548,Mallory Martin,5' 4,115.,5' 4,"Jan 29, 1994",3.99,0.59,5.53,0.58,3.37,0.63,0.25,0.5,0,1,0,0
549,Anthony Rocco Martin,6' 0,170.,6' 0,"Dec 11, 1989",2.68,0.37,2.59,0.58,0.71,0.27,0.68,1.0,0,1,0,0
550,Adriano Martins,5' 10,155.,5' 10,"Dec 16, 1982",1.8,0.38,2.14,0.65,0.83,0.8,0.81,0.4,0,0,1,0
551,Jameel Massouh,5' 10,145.,5' 10,"Sep 12, 1984",1.91,0.54,2.62,0.55,0.67,0.15,0.5,0.7,0,1,0,0
552,Mike Massenzio,6' 2,185.,6' 2,"Nov 01, 1982",2.08,0.45,3.59,0.54,2.74,0.24,0.5,1.4,0,0,1,0
553,Jorge Masvidal,5' 11,170.,5' 11,"Nov 12, 1984",4.2,0.47,3.0,0.65,1.57,0.59,0.77,0.4,0,1,0,0
554,Jake Matthews,5' 11,170.,5' 11,"Aug 19, 1994",3.03,0.44,2.16,0.61,1.93,0.41,0.66,0.6,0,1,0,0
555,Vladimir Matyushenko,6' 0,205.,6' 0,"Jan 04, 1971",1.9,0.44,1.62,0.59,3.25,0.46,0.7,0.1,0,1,0,0
556,Gina Mazany,5' 6,125.,5' 6,"Aug 19, 1988",3.45,0.47,3.07,0.51,4.41,0.63,0.33,0.3,0,0,1,0
557,Gray Maynard,5' 9,155.,5' 9,"May 09, 1979",1.92,0.32,2.64,0.66,2.91,0.47,0.81,0.7,0,1,0,0
558,Sabina Mazo,5' 7,135.,5' 7,"Mar 25, 1997",6.56,0.44,3.91,0.6,0.81,0.8,0.66,0.2,0,1,0,0
559,Molly McCann,5' 4,125.,5' 4,"May 04, 1990",5.15,0.5,4.28,0.65,1.64,0.29,0.28,0.7,0,1,0,0
560,Charles McCarthy,5' 10,185.,5' 10,"Aug 06, 1980",0.18,0.12,4.03,0.56,2.67,0.6,0.0,2.7,0,1,0,0
561,Sean McCorkle,6' 7,265.,6' 7,"Jul 17, 1976",0.85,0.44,2.48,0.52,2.12,0.4,0.33,4.2,0,1,0,0
562,Tamdan McCrory,6' 4,185.,6' 4,"Nov 05, 1986",2.07,0.49,1.6,0.46,2.28,0.5,0.33,2.5,0,0,0,1
563,Michael McDonald,5' 9,135.,5' 9,"Jan 15, 1991",2.69,0.42,2.76,0.57,1.09,0.66,0.52,1.4,0,1,0,0
564,Robert McDaniel,6' 3,185.,6' 3,"May 03, 1983",1.64,0.44,1.98,0.56,0.93,0.5,0.5,1.4,0,0,1,0
565,Drew McFedries,6' 0,185.,6' 0,"Jul 27, 1978",5.13,0.51,4.56,0.52,1.42,1.0,0.56,0.7,0,0,1,0
566,Court McGee,5' 11,170.,5' 11,"Dec 12, 1984",4.9,0.36,3.94,0.61,1.6,0.21,0.63,0.4,0,1,0,0
567,Cody McKenzie,6' 0,155.,6' 0,"Dec 16, 1987",1.74,0.34,2.5,0.67,2.5,0.25,0.14,2.5,0,0,0,1
568,Garreth McLellan,6' 1,185.,6' 1,"Sep 01, 1982",3.56,0.54,2.94,0.45,1.15,0.22,0.34,0.9,0,0,1,0
569,Sara McMann,5' 6,135.,5' 6,"Sep 24, 1980",2.32,0.45,1.94,0.48,4.41,0.65,0.5,0.5,0,1,0,0
570,James McSweeney,6' 4,230.,6' 4,"Oct 24, 1980",3.94,0.55,4.33,0.42,0.52,0.33,1.0,1.1,0,0,0,1
571,Tim Means,6' 2,170.,6' 2,"Feb 20, 1984",5.16,0.48,3.58,0.61,0.92,0.41,0.64,0.2,0,1,0,0
572,Yancy Medeiros,5' 10,155.,5' 10,"Sep 07, 1987",4.05,0.35,5.38,0.46,0.12,0.25,0.76,0.5,0,1,0,0
573,Emil Meek,5' 11,170.,5' 11,"Aug 20, 1988",2.52,0.39,2.53,0.38,0.25,0.33,0.47,1.0,0,0,0,1
574,Gerald Meerschaert,6' 1,185.,6' 1,"Dec 18, 1987",3.3,0.42,3.61,0.51,2.33,0.43,0.46,1.7,0,0,1,0
575,Jordan Mein,6' 0,170.,6' 0,"Oct 10, 1989",3.35,0.44,2.55,0.69,1.56,0.58,0.66,0.2,0,1,0,0
576,Gilbert Melendez,5' 9,145.,5' 9,"Apr 12, 1982",3.44,0.33,2.53,0.63,1.64,0.41,0.71,0.2,0,1,0,0
577,Chad Mendes,5' 6,145.,5' 6,"May 01, 1985",2.78,0.49,2.35,0.67,4.13,0.55,1.0,0.3,0,1,0,0
578,Ivan Menjivar,5' 6,145.,5' 6,"May 30, 1982",2.78,0.37,2.76,0.65,0.56,0.28,0.38,1.0,0,1,0,0
579,Yaotzin Meza,5' 9,145.,5' 9,"Feb 04, 1981",1.43,0.41,1.62,0.64,1.06,0.2,0.18,1.4,0,1,0,0
580,Dan Miller,6' 1,185.,6' 1,"Jun 30, 1981",2.03,0.36,3.06,0.49,1.67,0.54,0.47,1.8,0,1,0,0
581,Cole Miller,6' 1,145.,6' 1,"Apr 26, 1984",3.0,0.33,3.88,0.59,0.6,0.36,0.38,1.8,0,1,0,0
582,Jim Miller,5' 8,155.,5' 8,"Aug 30, 1983",2.73,0.4,2.99,0.59,1.69,0.43,0.46,1.9,0,0,1,0
583,Darrick Minner,5' 7,145.,5' 7,"Apr 28, 1990",3.24,0.7,1.4,0.43,3.0,0.62,0.6,3.6,0,1,0,0
584,Frank Mir,6' 3,264.,6' 3,"May 24, 1979",2.18,0.47,3.84,0.38,2.02,0.4,0.54,2.0,0,0,1,0
585,Vitor Miranda,6' 1,185.,6' 1,"Mar 10, 1979",2.98,0.45,2.95,0.58,0.95,0.55,0.5,0.2,0,1,0,0
586,David Mitchell,6' 0,170.,6' 0,"Oct 24, 1979",1.74,0.32,2.06,0.55,0.66,0.5,0.29,2.0,0,1,0,0
587,Bryce Mitchell,5' 10,145.,5' 10,"Oct 04, 1994",2.29,0.61,1.46,0.6,3.26,0.46,0.33,2.3,0,0,1,0
588,Hiromitsu Miura,5' 9,170.,5' 9,"Sep 22, 1981",2.12,0.34,2.12,0.58,2.23,0.5,0.69,0.6,0,1,0,0
589,Takeya Mizugaki,5' 7,135.,5' 7,"Dec 16, 1983",3.37,0.37,3.27,0.57,1.46,0.57,0.7,0.1,0,1,0,0
590,Bobby Moffett,5' 10,145.,5' 10,"Jun 01, 1990",3.41,0.39,3.15,0.61,2.74,0.66,0.66,1.4,0,1,0,0
591,Roxanne Modafferi,5' 7,125.,5' 7,"Sep 24, 1982",3.13,0.3,5.03,0.53,1.42,0.23,0.3,0.1,0,1,0,0
592,Thiago Moises,5' 9,155.,5' 9,"Mar 23, 1995",2.85,0.37,3.88,0.6,1.06,0.33,0.63,1.2,0,1,0,0
593,Renato Moicano,5' 11,155.,5' 11,"May 21, 1989",5.4,0.46,3.74,0.65,1.28,0.53,0.78,0.6,0,1,0,0
594,Jeff Monson,5' 9,247.,5' 9,"Jan 18, 1971",0.97,0.3,2.87,0.59,1.06,0.12,0.66,0.7,0,1,0,0
595,Darrell Montague,5' 6,125.,5' 6,"Nov 03, 1987",1.92,0.25,5.38,0.52,0.72,0.25,0.33,1.4,0,0,1,0
596,Nicco Montano,5' 5,135.,5' 5,"Dec 16, 1988",5.6,0.41,4.43,0.64,2.25,0.54,0.69,0.4,0,0,1,0
597,Sergio Moraes,6' 0,170.,6' 0,"Jul 23, 1982",2.42,0.42,3.73,0.59,1.2,0.38,0.75,0.4,0,1,0,0
598,Marlon Moraes,5' 6,135.,5' 6,"Apr 26, 1988",3.38,0.39,4.11,0.56,1.0,0.41,0.66,0.4,0,1,0,0
599,John Moraga,5' 6,125.,5' 6,"Mar 20, 1984",2.57,0.43,2.55,0.56,0.62,0.23,0.44,1.1,0,1,0,0
600,Joseph Morales,5' 6,125.,5' 6,"Aug 22, 1994",1.58,0.37,1.72,0.6,0.53,0.5,0.23,2.6,0,0,0,1
601,Albert Morales,5' 9,135.,5' 9,"May 25, 1991",3.81,0.35,3.96,0.56,0.91,0.35,0.7,0.2,0,1,0,0
602,Christian Morecraft,6' 6,260.,6' 6,"Sep 08, 1986",2.82,0.34,2.46,0.46,3.26,0.66,0.5,2.2,0,1,0,0
603,Sarah Moras,5' 7,135.,5' 7,"Apr 30, 1988",2.28,0.34,3.58,0.5,0.67,0.21,0.33,0.8,0,1,0,0
604,Vinicius Moreira,6' 4,205.,6' 4,"Feb 28, 1989",3.15,0.59,5.07,0.43,1.97,0.18,0.0,1.3,0,1,0,0
605,Brandon Moreno,5' 7,125.,5' 7,"Dec 07, 1993",3.41,0.38,3.41,0.59,2.01,0.45,0.67,0.6,0,1,0,0
606,Dan Moret,6' 0,155.,6' 0,"Nov 21, 1986",2.67,0.43,3.56,0.43,1.25,0.27,0.45,0.4,0,0,1,0
607,Alex Morono,5' 11,170.,5' 11,"Aug 16, 1990",4.96,0.42,3.69,0.56,0.44,0.28,0.47,0.4,0,1,0,0
608,Maryna Moroz,5' 7,125.,5' 7,"Sep 08, 1991",4.09,0.31,4.15,0.53,0.56,0.18,0.47,0.4,0,1,0,0
609,Gegard Mousasi,6' 2,185.,6' 2,"Aug 01, 1985",3.75,0.5,1.21,0.68,1.59,0.6,0.59,1.1,0,1,0,0
610,Su Mudaerji,5' 8,125.,5' 8,"Jan 20, 1996",4.49,0.51,2.19,0.68,0.4,1.0,0.77,0.8,0,0,1,0
611,Belal Muhammad,5' 11,170.,5' 11,"Jul 09, 1988",4.75,0.43,4.02,0.6,1.97,0.28,0.85,0.2,0,1,0,0
612,Jamie Mullarkey,6' 0,155.,6' 0,"Aug 17, 1994",1.87,0.33,4.6,0.42,4.0,0.3,0.66,0.5,0,1,0,0
613,Pedro Munhoz,5' 6,135.,5' 6,"Sep 07, 1986",5.6,0.43,5.87,0.58,0.68,0.21,0.8,0.8,0,1,0,0
614,Andre Muniz,6' 1,185.,6' 1,"Feb 17, 1990",2.21,0.58,1.8,0.45,2.61,0.35,0.37,2.2,0,0,1,0
615,Mark Munoz,6' 0,185.,6' 0,"Feb 09, 1978",3.12,0.51,2.26,0.57,3.17,0.29,0.57,0.6,0,1,0,0
616,Johnny Munoz,5' 9,145.,5' 9,"Feb 16, 1993",3.27,0.62,1.4,0.58,2.0,0.12,0.0,1.0,0,1,0,0
617,Makhmud Muradov,6' 2,185.,6' 2,"Feb 08, 1990",5.32,0.42,2.92,0.64,0.36,0.16,1.0,0.4,0,1,0,0
618,Kanako Murata,5' 1,115.,5' 1,"Aug 10, 1993",1.93,0.67,1.93,0.52,4.0,0.44,0.0,2.0,0,1,0,0
619,Lauren Murphy,5' 5,125.,5' 5,"Jul 27, 1983",3.8,0.38,3.82,0.63,1.18,0.37,0.7,0.1,0,1,0,0
620,Lerone Murphy,5' 9,145.,5' 9,"Jul 22, 1991",2.86,0.42,2.07,0.63,0.87,0.33,0.41,0.9,0,1,0,0
621,Nicholas Musoke,6' 0,170.,6' 0,"Apr 05, 1986",3.56,0.35,3.8,0.57,1.16,0.19,0.82,0.2,0,1,0,0
622,Magomed Mustafaev,5' 8,155.,5' 8,"Aug 02, 1988",2.59,0.58,2.68,0.41,3.31,0.5,0.23,0.4,0,1,0,0
623,Keita Nakamura,5' 11,170.,5' 11,"May 22, 1984",2.23,0.36,3.2,0.58,1.65,0.48,0.63,0.3,0,0,1,0
624,Kazuhiro Nakamura,5' 11,205.,5' 11,"Jul 16, 1979",1.56,0.37,1.83,0.59,1.73,0.36,0.42,0.6,0,1,0,0
625,Rose Namajunas,5' 5,115.,5' 5,"Jun 29, 1992",4.13,0.4,3.98,0.6,1.91,0.53,0.5,0.8,0,1,0,0
626,Bobby Nash,6' 0,170.,6' 0,"Mar 26, 1990",3.42,0.37,3.95,0.51,2.37,0.33,1.0,1.6,0,1,0,0
627,Rodrigo Nascimento,6' 2,246.,6' 2,"Nov 26, 1992",4.23,0.55,4.32,0.42,2.7,1.0,1.0,2.7,0,1,0,0
628,Rafael Natal,6' 0,185.,6' 0,"Dec 25, 1982",3.1,0.47,2.48,0.57,2.55,0.34,0.77,0.5,0,1,0,0
629,Ismail Naurdiev,5' 10,170.,5' 10,"Aug 18, 1996",3.17,0.52,1.3,0.68,1.25,0.71,0.7,0.2,0,1,0,0
630,Geoff Neal,5' 11,170.,5' 11,"Aug 28, 1990",4.94,0.49,4.93,0.61,0.5,0.5,0.92,0.2,0,0,1,0
631,Josh Neer,5' 11,170.,5' 11,"Mar 24, 1983",3.29,0.46,3.63,0.58,1.09,0.34,0.46,1.3,0,1,0,0
632,Shane Nelson,5' 9,155.,5' 9,"Nov 29, 1984",1.38,0.31,2.84,0.61,1.31,0.18,0.54,1.6,0,0,1,0
633,Kyle Nelson,5' 11,155.,5' 11,"Apr 20, 1991",3.63,0.41,6.82,0.47,0.96,0.12,0.6,1.9,0,0,0,1
634,Gunnar Nelson,5' 11,170.,5' 11,"Jul 28, 1988",1.71,0.57,3.33,0.49,1.72,0.55,0.66,0.9,0,0,0,1
635,Roy Nelson,6' 0,263.,6' 0,"Jun 20, 1976",2.18,0.36,4.79,0.46,1.14,0.27,0.65,0.1,0,1,0,0
636,Antonio Braga Neto,6' 3,185.,6' 3,"Oct 29, 1987",1.36,0.33,3.92,0.45,3.07,0.37,0.0,0.5,0,1,0,0
637,Ben Nguyen,5' 5,125.,5' 5,"Aug 03, 1988",3.51,0.4,3.01,0.59,0.25,0.33,0.63,1.0,0,0,0,1
638,Matheus Nicolau,5' 6,125.,5' 6,"Jan 06, 1993",3.79,0.52,2.83,0.67,1.93,0.44,1.0,1.4,0,1,0,0
639,Tom Niinimaki,5' 9,145.,5' 9,"Jul 25, 1982",1.91,0.54,2.31,0.58,2.97,0.46,0.33,0.5,0,1,0,0
640,Ramsey Nijem,5' 11,155.,5' 11,"Apr 01, 1988",3.05,0.44,1.62,0.62,5.32,0.62,0.55,1.1,0,1,0,0
641,Guangyou Ning,5' 4,145.,5' 4,"Dec 15, 1981",2.66,0.41,1.91,0.61,1.09,0.5,0.62,0.3,0,0,1,0
642,Anthony Njokuani,6' 1,155.,6' 1,"Mar 01, 1980",3.94,0.46,2.41,0.65,0.5,0.45,0.53,0.2,0,1,0,0
643,Antonio Rodrigo Nogueira,6' 3,240.,6' 3,"Jun 02, 1976",1.95,0.42,2.4,0.55,1.3,0.29,0.36,2.4,0,1,0,0
644,Rogerio Nogueira,6' 2,205.,6' 2,"Jun 02, 1976",2.43,0.35,2.34,0.59,0.64,0.44,0.62,0.8,0,0,1,0
645,Kyle Noke,6' 1,170.,6' 1,"Mar 18, 1980",3.23,0.5,2.09,0.64,1.53,0.54,0.66,0.8,0,0,1,0
646,Sage Northcutt,6' 0,170.,6' 0,"Mar 01, 1996",3.58,0.52,1.96,0.58,1.81,0.34,0.41,0.6,0,1,0,0
647,Amanda Nunes,5' 8,145.,5' 8,"May 30, 1988",4.5,0.51,2.45,0.57,2.5,0.53,0.84,0.9,0,1,0,0
648,Phillipe Nover,5' 9,145.,5' 9,"Feb 03, 1984",1.79,0.35,2.48,0.56,0.99,0.28,0.44,0.7,0,1,0,0
649,Diego Nunes,5' 6,145.,5' 6,"Nov 30, 1982",2.72,0.43,2.59,0.58,1.18,0.44,0.65,0.6,0,1,0,0
650,Khabib Nurmagomedov,5' 10,155.,5' 10,"Sep 20, 1988",4.1,0.48,1.75,0.65,5.32,0.48,0.84,0.8,0,1,0,0
651,Jake O'Brien,6' 3,205.,6' 3,"Sep 25, 1984",1.31,0.31,1.92,0.69,6.39,0.54,0.25,0.2,0,1,0,0
652,Sean O'Malley,5' 11,135.,5' 11,"Oct 24, 1994",6.35,0.57,3.76,0.64,1.05,0.5,0.61,1.1,0,0,0,1
653,Casey O'Neill,5' 6,125.,5' 6,"Oct 07, 1997",5.64,0.72,1.84,0.42,6.91,0.66,0.0,1.7,0,0,0,0
654,Brendan O'Reilly,5' 7,170.,5' 7,"Jun 24, 1987",1.9,0.47,2.77,0.39,2.22,0.43,0.36,0.6,0,1,0,0
655,Yushin Okami,6' 2,170.,6' 2,"Jul 21, 1981",2.06,0.38,2.25,0.6,1.98,0.39,0.84,0.5,0,0,1,0
656,Aleksei Oleinik,6' 2,240.,6' 2,"Jun 20, 1977",3.47,0.5,3.85,0.44,2.38,0.46,0.33,2.4,0,1,0,0
657,Rafaello Oliveira,5' 8,155.,5' 8,"Jan 26, 1982",2.19,0.33,3.38,0.59,2.49,0.36,0.11,1.6,0,1,0,0
658,Charles Oliveira,5' 10,155.,5' 10,"Oct 17, 1989",3.22,0.52,2.94,0.54,2.64,0.44,0.57,2.8,0,1,0,0
659,Alex Oliveira,5' 11,170.,5' 11,"Feb 21, 1988",2.87,0.5,2.18,0.48,2.41,0.37,0.63,0.6,0,1,0,0
660,Cameron Olson,6' 1,205.,6' 1,"Nov 22, 1989",3.13,0.47,2.2,0.57,3.0,0.42,1.0,1.0,0,1,0,0
661,Daniel Omielanczuk,6' 0,247.,6' 0,"Aug 31, 1982",3.09,0.57,3.29,0.47,0.56,0.26,0.68,0.1,0,0,1,0
662,Michihiro Omigawa,5' 6,145.,5' 6,"Dec 19, 1975",2.01,0.39,3.06,0.64,1.19,0.36,0.49,1.5,0,1,0,0
663,Brian Ortega,5' 8,145.,5' 8,"Feb 21, 1991",4.29,0.38,6.28,0.52,0.8,0.21,0.56,1.1,0,0,0,1
664,Tito Ortiz,6' 3,205.,6' 3,"Jan 23, 1975",2.59,0.46,2.88,0.6,2.47,0.35,0.54,0.6,0,1,0,0
665,Ode Osbourne,5' 7,145.,5' 7,"Jan 09, 1992",4.3,0.54,3.04,0.42,1.9,1.0,0.66,1.9,0,0,1,0
666,Kenji Osawa,5' 7,135.,5' 7,"Nov 04, 1976",2.34,0.35,2.14,0.63,0.91,0.58,0.68,0.7,0,1,0,0
667,Nick Osipczak,6' 2,170.,6' 2,"Dec 30, 1984",2.83,0.5,3.77,0.5,1.2,0.45,0.71,1.0,0,1,0,0
668,Dustin Ortiz,5' 5,125.,5' 5,"Dec 25, 1988",2.94,0.44,2.17,0.56,3.01,0.36,0.52,0.1,0,1,0,0
669,Rachael Ostovich,5' 3,125.,5' 3,"Feb 25, 1991",2.54,0.43,3.97,0.57,2.03,0.83,0.66,0.8,0,1,0,0
670,Zak Ottow,5' 11,170.,5' 11,"Dec 22, 1986",2.63,0.36,2.73,0.58,0.97,0.29,0.57,0.4,0,1,0,0
671,Sidney Outlaw,5' 8,170.,5' 8,"Apr 11, 1992",0.13,0.33,0.8,0.71,3.0,0.75,0.0,3.0,0,1,0,0
672,Alistair Overeem,6' 4,265.,6' 4,"May 17, 1980",3.67,0.64,2.44,0.57,1.42,0.55,0.73,0.8,0,1,0,0
673,Nick Pace,5' 7,135.,5' 7,"Apr 17, 1987",1.48,0.34,3.14,0.57,2.52,0.43,0.54,0.5,0,1,0,0
674,Teemu Packalen,6' 1,155.,6' 1,"May 22, 1987",2.57,0.54,3.91,0.47,2.31,0.25,1.0,1.5,0,1,0,0
675,Damacio Page,5' 6,135.,5' 6,"Sep 30, 1982",2.05,0.38,2.47,0.51,2.63,0.64,0.23,0.9,0,1,0,0
676,Dustin Pague,5' 9,135.,5' 9,"Aug 05, 1987",1.65,0.53,2.96,0.41,1.03,0.44,0.55,2.6,0,1,0,0
677,Raulian Paiva,5' 8,125.,5' 8,"Oct 17, 1995",4.46,0.43,4.89,0.51,0.26,0.2,0.8,0.3,0,1,0,0
678,Fredson Paixao,5' 6,145.,5' 6,"May 13, 1979",1.71,0.54,2.31,0.62,0.62,0.11,0.1,2.2,0,1,0,0
679,Bart Palaszewski,5' 9,145.,5' 9,"May 30, 1983",2.67,0.32,3.97,0.57,0.65,0.31,0.53,0.5,0,1,0,0
680,Rousimar Palhares,5' 8,170.,5' 8,"Feb 26, 1980",1.75,0.51,2.04,0.59,3.93,0.45,0.0,4.1,0,1,0,0
681,Alexandre Pantoja,5' 5,125.,5' 5,"Apr 16, 1990",4.3,0.47,3.39,0.53,0.94,0.35,0.68,0.9,0,1,0,0
682,Karo Parisyan,5' 10,170.,5' 10,"Aug 28, 1982",2.49,0.41,2.19,0.58,5.27,0.59,0.59,1.0,0,1,0,0
683,Claude Patrick,5' 11,170.,5' 11,"Jun 14, 1980",1.8,0.55,0.89,0.69,2.32,0.53,0.84,1.7,0,1,0,0
684,Alan Patrick,5' 11,155.,5' 11,"Jul 19, 1983",1.79,0.4,2.64,0.43,3.48,0.38,0.5,0.3,0,0,1,0
685,Jonathan Pearce,6' 0,145.,6' 0,"May 01, 1992",8.8,0.55,6.65,0.46,5.91,0.6,0.75,0.7,0,0,0,1
686,Tyson Pedro,6' 3,205.,6' 3,"Sep 17, 1991",2.7,0.62,2.55,0.48,0.74,0.25,0.52,1.5,0,1,0,0
687,Julianna Pena,5' 6,135.,5' 6,"Aug 19, 1989",2.8,0.47,1.7,0.53,2.49,0.53,0.23,0.8,0,1,0,0
688,Kurt Pellegrino,5' 8,155.,5' 8,"May 07, 1979",2.45,0.43,1.94,0.63,2.9,0.54,0.69,0.8,0,1,0,0
689,Luis Pena,6' 3,155.,6' 3,"Jul 05, 1993",3.26,0.47,2.74,0.5,1.37,0.33,0.45,1.4,0,0,1,0
690,Cathal Pendred,6' 1,170.,6' 1,"Sep 02, 1987",2.49,0.44,3.01,0.55,2.46,0.23,0.83,0.4,0,1,0,0
691,BJ Penn,5' 9,155.,5' 9,"Dec 13, 1978",2.76,0.48,3.2,0.56,1.19,0.55,0.74,0.5,0,1,0,0
692,Jessica Penne,5' 5,115.,5' 5,"Jan 30, 1983",2.46,0.33,4.73,0.48,1.58,0.25,0.2,0.6,0,1,0,0
693,Raquel Pennington,5' 7,135.,5' 7,"Sep 05, 1988",3.62,0.48,3.2,0.63,1.12,0.28,0.65,0.7,0,1,0,0
694,Godofredo Pepey,5' 7,145.,5' 7,"Jul 02, 1987",2.32,0.38,3.23,0.47,0.37,0.07,0.35,1.5,0,1,0,0
695,Michel Pereira,6' 1,170.,6' 1,"Oct 06, 1993",3.74,0.54,2.84,0.58,1.76,0.7,1.0,0.5,0,1,0,0
696,Viviane Pereira,5' 1,115.,5' 1,"Aug 28, 1993",2.7,0.3,4.48,0.58,0.25,1.0,0.28,0.2,0,1,0,0
697,Erik Perez,5' 8,135.,5' 8,"Nov 19, 1989",3.16,0.4,2.09,0.66,3.16,0.55,0.69,0.2,0,1,0,0
698,Frankie Perez,5' 11,155.,5' 11,"May 11, 1989",1.64,0.41,2.17,0.54,1.75,0.41,0.5,0.3,0,1,0,0
699,Alejandro Perez,5' 6,145.,5' 6,"Sep 02, 1989",3.52,0.35,2.94,0.64,0.52,0.2,0.73,0.1,0,1,0,0
700,Markus Perez,6' 1,185.,6' 1,"Jun 22, 1988",2.6,0.47,3.72,0.52,0.81,0.25,0.77,1.0,0,1,0,0
701,Alex Perez,5' 6,125.,5' 6,"Mar 21, 1992",4.62,0.47,3.08,0.61,2.92,0.45,0.87,1.3,0,1,0,0
702,Anthony Perosh,6' 3,205.,6' 3,"Oct 05, 1972",2.27,0.43,3.77,0.53,2.03,0.22,0.33,1.1,0,1,0,0
703,Mike Perry,5' 10,170.,5' 10,"Sep 15, 1991",4.35,0.47,4.82,0.54,0.69,0.38,0.77,0.2,0,1,0,0
704,Steven Peterson,5' 10,145.,5' 10,"May 29, 1990",4.65,0.35,5.89,0.56,2.02,0.28,0.75,0.4,0,1,0,0
705,Seth Petruzelli,6' 0,205.,6' 0,"Dec 03, 1979",2.17,0.41,2.08,0.55,0.46,0.5,0.47,2.3,0,1,0,0
706,Anthony Pettis,5' 10,155.,5' 10,"Jan 27, 1987",3.05,0.47,3.44,0.54,0.61,0.5,0.6,1.1,0,1,0,0
707,Sergio Pettis,5' 6,125.,5' 6,"Aug 18, 1993",3.88,0.37,2.91,0.65,0.85,0.4,0.67,0.4,0,1,0,0
708,Nam Phan,5' 6,135.,5' 6,"Mar 13, 1983",4.52,0.37,6.55,0.59,0.18,0.18,0.6,0.2,0,1,0,0
709,Constantinos Philippou,5' 11,185.,5' 11,"Nov 29, 1979",2.19,0.35,2.73,0.54,0.4,0.42,0.65,0.3,0,1,0,0
710,Elizabeth Phillips,5' 6,135.,5' 6,"Aug 20, 1986",2.6,0.33,3.07,0.58,0.75,0.25,0.53,0.2,0,1,0,0
711,Kyler Phillips,5' 8,135.,5' 8,"Jun 12, 1995",5.32,0.46,3.04,0.61,2.88,0.63,0.71,0.4,0,1,0,0
712,Vinc Pichel,5' 10,155.,5' 10,"Nov 23, 1982",3.2,0.46,2.28,0.56,3.83,0.6,0.2,0.3,0,1,0,0
713,Jamie Pickett,6' 2,185.,6' 2,"Aug 29, 1988",2.84,0.55,4.84,0.46,1.48,0.4,0.37,0.4,0,1,0,0
714,Oskar Piechota,6' 0,185.,6' 0,"Jan 24, 1990",3.3,0.52,3.93,0.51,0.61,0.4,0.38,1.5,0,0,1,0
715,Mike Pierce,5' 8,170.,5' 8,"Sep 01, 1980",2.62,0.42,2.36,0.62,3.08,0.42,0.71,0.2,0,1,0,0
716,Brad Pickett,5' 6,135.,5' 6,"Sep 24, 1978",3.02,0.31,4.63,0.55,2.47,0.44,0.58,0.4,0,1,0,0
717,Sean Pierson,6' 0,170.,6' 0,"Mar 10, 1976",3.84,0.39,3.73,0.64,0.39,0.18,0.66,0.4,0,0,1,0
718,Domingo Pilarte,6' 0,135.,6' 0,"Jan 05, 1990",2.04,0.5,3.69,0.42,2.0,0.42,0.75,1.3,0,0,1,0
719,Daniel Pineda,5' 7,145.,5' 7,"Aug 06, 1985",3.41,0.49,2.72,0.44,1.55,0.29,0.44,1.8,0,1,0,0
720,Pingyuan Liu,5' 6,135.,5' 6,"Feb 13, 1993",2.36,0.33,2.99,0.54,0.25,0.2,0.56,1.0,0,1,0,0
721,Maki Pitolo,5' 10,185.,5' 10,"Nov 24, 1990",4.2,0.44,3.71,0.56,2.42,0.52,0.55,0.5,0,1,0,0
722,Igor Pokrajac,6' 0,205.,6' 0,"Jan 02, 1979",2.25,0.45,4.26,0.4,0.87,0.29,0.51,0.2,0,1,0,0
723,Dustin Poirier,5' 9,155.,5' 9,"Jan 19, 1989",5.59,0.5,4.17,0.54,1.47,0.36,0.61,1.3,0,0,1,0
724,Parker Porter,6' 0,265.,6' 0,"Apr 22, 1985",7.69,0.49,7.36,0.52,1.65,0.6,0.0,1.1,0,1,0,0
725,Ruan Potts,6' 2,247.,6' 2,"Feb 23, 1978",0.85,0.37,5.92,0.22,0.75,0.16,0.33,2.3,0,1,0,0
726,Trevor Prangley,6' 1,185.,6' 1,"Aug 24, 1972",2.59,0.6,2.02,0.48,3.38,0.55,0.74,1.0,0,1,0,0
727,Carlo Prater,5' 11,155.,5' 11,"Jun 25, 1981",2.03,0.47,4.07,0.35,0.43,0.09,0.57,1.7,0,0,0,1
728,Michel Prazeres,5' 6,170.,5' 6,"Jul 25, 1981",2.44,0.47,2.49,0.58,4.11,0.36,0.5,0.6,0,1,0,0
729,Niko Price,6' 0,170.,6' 0,"Sep 29, 1989",5.33,0.41,5.83,0.49,0.89,0.22,0.72,0.9,0,1,0,0
730,Lara Procopio,5' 4,125.,5' 4,"Nov 14, 1995",6.7,0.57,6.93,0.47,3.5,0.5,0.0,0.5,0,1,0,0
731,Cole Province,5' 9,145.,5' 9,"Jan 17, 1981",1.47,0.44,2.72,0.43,2.4,0.5,0.83,1.0,0,1,0,0
732,Lucie Pudilova,5' 8,125.,5' 8,"Jun 13, 1994",4.15,0.36,4.09,0.52,0.16,0.12,0.61,0.6,0,1,0,0
733,Claudio Puelles,5' 11,155.,5' 11,"Apr 21, 1996",1.95,0.44,3.73,0.5,3.06,0.36,0.0,1.3,0,0,1,0
734,Jens Pulver,5' 7,145.,5' 7,"Dec 06, 1974",2.12,0.37,3.13,0.56,0.22,0.33,0.63,0.3,0,0,1,0
735,Mike Pyle,6' 0,170.,6' 0,"Sep 18, 1975",2.74,0.45,2.84,0.6,1.8,0.35,0.7,1.5,0,1,0,0
736,Billy Quarantillo,5' 10,145.,5' 10,"Dec 08, 1988",7.03,0.64,4.37,0.42,1.28,0.31,0.57,1.8,0,1,0,0
737,Jose Quinonez,5' 8,135.,5' 8,"Jul 28, 1990",3.6,0.45,3.0,0.64,2.7,0.47,0.42,0.6,0,0,1,0
738,Aleksandar Rakic,6' 4,205.,6' 4,"Feb 06, 1992",4.23,0.52,2.23,0.52,0.75,0.25,0.9,0.2,0,1,0,0
739,Davi Ramos,5' 6,155.,5' 6,"Nov 05, 1986",2.64,0.37,3.44,0.56,1.95,0.4,0.83,0.6,0,1,0,0
740,Ricardo Ramos,5' 9,145.,5' 9,"Aug 01, 1995",3.0,0.39,3.28,0.58,1.99,0.56,0.71,0.7,0,1,0,0
741,Bec Rawlings,5' 6,125.,5' 6,"Feb 11, 1989",4.48,0.42,5.66,0.57,0.71,0.4,0.68,0.4,0,1,0,0
742,Stevie Ray,5' 10,155.,5' 10,"Mar 25, 1990",3.73,0.44,2.93,0.54,0.75,0.46,0.55,0.6,0,0,1,0
743,Rafael Rebello,5' 5,135.,5' 5,"Oct 16, 1980",2.19,0.32,3.29,0.58,2.82,0.33,0.75,0.5,0,1,0,0
744,Goran Reljic,6' 3,205.,6' 3,"Mar 20, 1984",1.69,0.37,2.69,0.59,1.69,0.5,0.33,1.1,0,0,1,0
745,Wilson Reis,5' 4,125.,5' 4,"Jan 06, 1985",1.83,0.29,3.04,0.55,5.15,0.42,0.47,0.6,0,0,1,0
746,Chance Rencountre,6' 2,170.,6' 2,"Dec 31, 1986",1.1,0.2,3.62,0.49,1.35,0.26,0.16,0.3,0,0,1,0
747,Marion Reneau,5' 6,135.,5' 6,"Jun 20, 1977",3.29,0.41,3.37,0.61,0.66,0.63,0.5,0.8,0,1,0,0
748,Dominick Reyes,6' 4,205.,6' 4,"Dec 26, 1989",4.53,0.48,3.16,0.49,0.2,0.16,0.82,0.2,0,0,1,0
749,Mike Rhodes,6' 1,170.,6' 1,"Dec 04, 1989",3.2,0.39,4.13,0.64,0.96,0.33,0.75,0.5,0,1,0,0
750,Amanda Ribas,5' 3,125.,5' 3,"Aug 26, 1993",4.25,0.44,1.78,0.71,2.31,0.58,0.85,1.6,0,1,0,0
751,Matthew Riddle,6' 1,170.,6' 1,"Jan 14, 1986",3.01,0.42,2.74,0.54,3.51,0.5,0.89,0.5,0,0,1,0
752,Joe Riggs,6' 0,185.,6' 0,"Sep 23, 1982",2.41,0.51,1.69,0.57,2.45,0.55,0.62,0.6,0,0,1,0
753,Aaron Riley,5' 8,155.,5' 8,"Dec 09, 1980",3.45,0.34,3.78,0.61,1.18,0.34,0.6,0.1,0,0,1,0
754,Jordan Rinaldi,5' 10,145.,5' 10,"Sep 25, 1987",1.56,0.35,2.32,0.59,1.45,0.35,0.2,1.2,0,1,0,0
755,Nick Ring,6' 0,185.,6' 0,"Feb 10, 1979",3.52,0.42,3.48,0.62,1.36,0.36,0.52,0.3,0,0,1,0
756,Mike Rio,5' 10,155.,5' 10,"Jul 06, 1981",1.68,0.39,2.99,0.53,2.58,0.27,0.0,1.0,0,1,0,0
757,Diego Rivas,5' 8,145.,5' 8,"Nov 11, 1991",1.37,0.4,2.14,0.52,1.79,0.6,0.64,0.9,0,1,0,0
758,Jorge Rivera,6' 1,185.,6' 1,"Feb 28, 1972",3.16,0.48,2.64,0.54,0.84,0.5,0.63,0.1,0,1,0,0
759,Francisco Rivera,5' 8,135.,5' 8,"Oct 08, 1981",4.07,0.41,3.16,0.68,1.01,0.63,0.68,0.6,0,1,0,0
760,Jimmie Rivera,5' 4,135.,5' 4,"Jun 29, 1989",4.03,0.4,3.9,0.6,0.88,0.27,0.92,0.1,0,1,0,0
761,Karl Roberson,6' 1,185.,6' 1,"Oct 04, 1990",3.0,0.51,2.42,0.57,0.99,0.57,0.5,0.8,0,0,1,0
762,Danny Roberts,6' 1,170.,6' 1,"Jul 14, 1987",3.41,0.44,3.08,0.55,0.18,0.06,0.53,0.4,0,0,1,0
763,Daniel Roberts,5' 10,170.,5' 10,"Aug 05, 1980",0.73,0.2,2.27,0.46,2.46,0.44,0.4,2.5,0,0,1,0
764,Roosevelt Roberts,6' 2,155.,6' 2,"Feb 11, 1994",3.03,0.49,2.27,0.52,1.75,0.53,0.58,1.1,0,1,0,0
765,Kenny Robertson,5' 10,170.,5' 10,"Feb 14, 1984",3.72,0.47,3.02,0.52,1.37,0.26,0.57,0.8,0,1,0,0
766,Gillian Robertson,5' 5,125.,5' 5,"May 17, 1995",2.05,0.51,2.1,0.51,2.64,0.46,0.0,0.9,0,1,0,0
767,Alvin Robinson,5' 9,155.,5' 9,"Jul 16, 1982",1.57,0.5,1.29,0.51,1.24,0.5,0.25,1.2,0,0,1,0
768,Vagner Rocha,5' 10,155.,5' 10,"Jun 06, 1982",2.64,0.42,4.5,0.48,1.4,0.33,0.5,1.9,0,1,0,0
769,Luke Rockhold,6' 3,205.,6' 3,"Oct 17, 1984",4.18,0.48,2.43,0.56,0.67,0.3,0.68,1.1,0,0,1,0
770,Yair Rodriguez,5' 11,145.,5' 11,"Oct 06, 1992",4.33,0.45,3.13,0.57,0.9,0.29,0.63,0.9,0,1,0,0
771,Marina Rodriguez,5' 6,115.,5' 6,"Apr 29, 1987",4.86,0.5,3.16,0.53,0.36,0.33,0.59,0.2,0,1,0,0
772,Daniel Rodriguez,6' 1,170.,6' 1,"Dec 31, 1986",7.68,0.46,6.12,0.57,1.34,0.62,0.9,0.3,0,0,1,0
773,Luis Rodriguez,5' 6,125.,5' 6,"May 07, 1999",1.27,0.37,3.2,0.54,2.0,0.5,1.0,2.0,0,1,0,0
774,Drako Rodriguez,5' 8,135.,5' 8,"Jun 16, 1996",2.57,0.35,2.57,0.26,2.75,1.0,0.0,2.8,0,1,0,0
775,Max Rohskopf,6' 1,155.,6' 1,"Sep 27, 1994",1.7,0.31,5.8,0.42,3.0,0.33,0.0,1.5,0,1,0,0
776,Marcos Rogerio de Lima,6' 1,253.,6' 1,"Jun 25, 1985",3.78,0.54,2.53,0.54,0.71,0.6,0.43,0.7,0,1,0,0
777,Shane Roller,5' 10,155.,5' 10,"Jul 14, 1979",2.04,0.34,2.65,0.6,2.46,0.33,0.42,1.9,0,1,0,0
778,Alexandr Romanov,6' 2,262.,6' 2,"Dec 11, 1990",4.31,0.39,1.76,0.43,6.35,0.66,0.0,3.2,0,0,1,0
779,Ricardo Romero,6' 0,205.,6' 0,"Apr 15, 1978",2.17,0.55,4.77,0.46,1.63,0.1,1.0,3.3,0,1,0,0
780,Mara Romero Borella,5' 6,125.,5' 6,"Jun 03, 1986",2.54,0.37,2.48,0.71,1.83,0.44,0.66,0.2,0,1,0,0
781,Jesse Ronson,5' 10,170.,5' 10,"Dec 24, 1985",3.54,0.49,2.99,0.59,0.63,0.4,0.61,0.6,0,0,1,0
782,George Roop,6' 1,135.,6' 1,"Nov 10, 1981",3.43,0.34,2.47,0.6,1.05,0.57,0.59,0.1,0,1,0,0
783,Aaron Rosa,6' 4,205.,6' 4,"May 28, 1983",4.03,0.47,4.41,0.45,0.36,0.33,0.85,0.4,0,1,0,0
784,Charles Rosa,5' 9,145.,5' 9,"Aug 24, 1986",3.11,0.37,3.78,0.48,1.76,0.32,0.4,1.0,0,0,0,1
785,Jared Rosholt,6' 2,265.,6' 2,"Aug 04, 1986",2.08,0.46,1.52,0.59,1.83,0.41,0.66,0.1,0,1,0,0
786,Ben Rothwell,6' 4,265.,6' 4,"Oct 17, 1981",3.55,0.41,4.57,0.46,0.63,0.33,0.69,0.3,0,1,0,0
787,Ronda Rousey,5' 7,135.,5' 7,"Feb 01, 1987",4.17,0.52,4.14,0.44,6.26,0.68,0.5,4.8,0,1,0,0
788,Brandon Royval,5' 9,125.,5' 9,"Aug 16, 1992",3.77,0.46,2.88,0.47,0.79,1.0,0.53,2.4,0,0,1,0
789,Mauricio Rua,6' 1,205.,6' 1,"Nov 25, 1981",3.57,0.5,2.71,0.54,2.12,0.48,0.47,0.8,0,1,0,0
790,Mike Russow,6' 1,255.,6' 1,"Sep 11, 1976",1.55,0.47,2.9,0.59,4.66,0.43,0.0,0.7,0,1,0,0
791,Danny Sabatello,5' 10,135.,5' 10,"Mar 31, 1993",2.07,0.57,0.2,0.25,3.0,0.75,1.0,1.0,0,1,0,0
792,Amir Sadollah,5' 10,170.,5' 10,"Aug 27, 1980",4.71,0.46,3.55,0.6,0.57,0.27,0.6,0.3,0,1,0,0
793,Frankie Saenz,5' 6,135.,5' 6,"Aug 12, 1980",3.94,0.47,3.5,0.52,1.74,0.31,0.61,0.1,0,1,0,0
794,Tarec Saffiedine,5' 10,170.,5' 10,"Sep 06, 1986",4.05,0.47,3.06,0.62,0.52,0.36,0.84,0.1,0,0,0,1
795,Ovince Saint Preux,6' 3,205.,6' 3,"Apr 08, 1983",2.68,0.46,3.03,0.45,1.19,0.4,0.66,0.6,0,0,1,0
796,John Salter,6' 1,185.,6' 1,"Mar 21, 1985",1.68,0.32,1.68,0.68,2.85,0.46,0.66,0.5,0,0,1,0
797,Josh Samman,6' 3,185.,6' 3,"Mar 14, 1988",2.08,0.52,2.47,0.34,1.09,0.33,0.33,0.4,0,1,0,0
798,Josh Sampo,5' 4,125.,5' 4,"Jul 24, 1984",1.99,0.36,2.96,0.55,1.06,0.33,0.4,2.1,0,1,0,0
799,Diego Sanchez,5' 10,170.,5' 10,"Dec 31, 1981",2.69,0.37,3.02,0.56,1.51,0.24,0.46,0.8,0,0,1,0
800,Joby Sanchez,5' 6,135.,5' 6,"Jun 24, 1991",3.22,0.36,2.82,0.63,0.95,0.71,0.51,0.4,0,1,0,0
801,Emmanuel Sanchez,5' 9,145.,5' 9,"Aug 11, 1990",4.45,0.35,4.17,0.55,0.25,0.06,0.16,0.5,0,0,0,0
802,Robert Sanchez,5' 6,125.,5' 6,"Mar 05, 1986",0.96,0.4,1.78,0.46,3.61,0.62,0.5,0.7,0,1,0,0
803,Jerrod Sanders,5' 8,135.,5' 8,"Oct 01, 1979",0.88,0.64,1.14,0.46,2.2,0.33,0.5,1.6,0,1,0,0
804,Cory Sandhagen,5' 11,135.,5' 11,"Apr 20, 1992",6.85,0.48,3.89,0.59,1.07,0.5,0.3,0.5,0,0,0,1
805,Luke Sanders,5' 6,135.,5' 6,"Dec 12, 1985",6.21,0.51,4.11,0.53,0.31,0.2,0.66,0.3,0,0,1,0
806,Hector Sandoval,5' 2,125.,5' 2,"Jul 19, 1986",3.31,0.52,2.33,0.65,3.49,0.25,0.71,1.4,0,1,0,0
807,Mike Santiago,5' 10,145.,5' 10,"Jul 28, 1989",3.44,0.49,3.58,0.36,2.66,0.5,0.53,1.1,0,1,0,0
808,Jorge Santiago,6' 1,170.,6' 1,"Oct 09, 1980",1.69,0.35,2.62,0.56,0.58,0.3,0.52,0.8,0,1,0,0
809,Thiago Santos,6' 2,205.,6' 2,"Jan 07, 1984",4.27,0.48,2.33,0.55,0.7,0.38,0.66,0.1,0,1,0,0
810,Evangelista Santos,5' 10,170.,5' 10,"Dec 12, 1977",3.94,0.36,6.01,0.49,0.78,1.0,0.5,0.4,0,1,0,0
811,Leonardo Santos,6' 0,155.,6' 0,"Feb 05, 1980",2.65,0.44,2.77,0.58,1.07,0.29,0.89,0.3,0,1,0,0
812,Taila Santos,5' 6,125.,5' 6,"Jun 22, 1993",3.52,0.48,2.22,0.59,2.0,0.8,0.85,1.0,0,1,0,0
813,Daniel Sarafian,5' 9,185.,5' 9,"Aug 21, 1982",2.23,0.46,3.1,0.58,0.36,0.07,0.53,0.7,0,1,0,0
814,Yuta Sasaki,5' 10,125.,5' 10,"Oct 07, 1989",2.16,0.41,2.5,0.5,3.03,0.43,0.41,1.2,0,0,1,0
815,Paul Sass,6' 0,155.,6' 0,"Aug 04, 1988",0.53,0.26,1.9,0.51,0.53,0.16,0.33,7.4,0,1,0,0
816,Ben Saunders,6' 2,170.,6' 2,"Apr 13, 1983",3.23,0.5,3.58,0.51,0.2,0.4,0.66,1.3,0,1,0,0
817,Eric Schafer,6' 3,185.,6' 3,"Sep 20, 1977",1.89,0.34,3.38,0.56,1.81,0.36,0.5,1.8,0,1,0,0
818,Brendan Schaub,6' 4,245.,6' 4,"Mar 18, 1983",2.92,0.37,2.22,0.57,2.32,0.46,0.72,0.4,0,1,0,0
819,Matt Schnell,5' 8,125.,5' 8,"Jan 15, 1990",4.2,0.36,4.02,0.62,0.48,0.33,0.53,1.2,0,1,0,0
820,Justin Scoggins,5' 7,125.,5' 7,"May 02, 1992",3.56,0.51,2.16,0.55,3.42,0.63,0.82,0.5,0,0,1,0
821,Brad Scott,6' 1,170.,6' 1,"Jun 24, 1989",3.52,0.41,4.31,0.57,0.32,0.15,0.63,0.7,0,1,0,0
822,Neil Seery,5' 4,125.,5' 4,"Aug 30, 1979",3.56,0.41,3.79,0.58,0.78,0.27,0.53,1.6,0,1,0,0
823,Pete Sell,5' 11,170.,5' 11,"Aug 05, 1982",2.6,0.42,3.65,0.51,0.91,0.21,0.47,0.9,0,1,0,0
824,Matthew Semelsberger,6' 1,170.,6' 1,"Nov 23, 1992",7.93,0.5,5.31,0.56,1.97,1.0,1.0,1.0,0,0,0,1
825,Mackens Semerzier,5' 9,145.,5' 9,"Nov 03, 1980",2.91,0.45,3.48,0.46,2.14,0.5,0.5,2.1,0,1,0,0
826,Alex Serdyukov,6' 2,170.,6' 2,"May 24, 1980",4.94,0.48,3.1,0.46,1.84,0.55,0.67,1.8,0,1,0,0
827,Matt Serra,5' 6,170.,5' 6,"Jun 02, 1974",1.98,0.39,2.64,0.46,2.05,0.2,0.38,0.9,0,1,0,0
828,Edmen Shahbazyan,6' 2,185.,6' 2,"Nov 20, 1997",3.85,0.51,4.31,0.49,4.44,0.4,0.58,0.5,0,1,0,0
829,Ken Shamrock,6' 1,205.,6' 1,"Feb 11, 1964",1.47,0.46,4.3,0.39,0.94,0.6,0.44,2.5,0,1,0,0
830,Eric Shelton,5' 6,125.,5' 6,"Feb 02, 1991",2.57,0.42,1.88,0.63,2.83,0.51,0.46,0.2,0,1,0,0
831,Sean Sherk,5' 6,155.,5' 6,"Aug 05, 1973",2.17,0.35,2.71,0.55,4.09,0.46,0.56,0.4,0,1,0,0
832,Antonina Shevchenko,5' 8,125.,5' 8,"Nov 20, 1984",4.09,0.56,2.51,0.54,0.65,0.6,0.56,0.7,0,0,1,0
833,Valentina Shevchenko,5' 5,125.,5' 5,"Mar 07, 1988",2.98,0.5,2.03,0.62,2.21,0.58,0.75,0.3,0,0,1,0
834,Jake Shields,6' 0,170.,6' 0,"Jan 09, 1979",2.45,0.36,1.8,0.56,2.83,0.29,0.35,1.2,0,1,0,0
835,Jack Shore,5' 8,135.,5' 8,"Feb 06, 1995",3.69,0.54,0.59,0.76,5.16,0.46,0.0,1.5,0,1,0,0
836,Sam Sicilia,5' 8,145.,5' 8,"Feb 01, 1986",2.46,0.33,3.55,0.59,1.45,0.43,0.7,0.9,0,1,0,0
837,Steven Siler,5' 11,145.,5' 11,"Feb 15, 1987",3.21,0.41,2.96,0.54,0.47,0.21,0.55,1.6,0,1,0,0
838,Thiago Silva,6' 2,205.,6' 2,"Nov 12, 1982",3.92,0.5,2.55,0.67,1.03,0.47,0.7,0.7,0,1,0,0
839,Anderson Silva,6' 2,185.,6' 2,"Apr 14, 1975",3.05,0.61,2.05,0.6,0.5,0.77,0.69,0.8,0,0,1,0
840,Wanderlei Silva,5' 11,205.,5' 11,"Jul 03, 1976",2.79,0.4,2.19,0.6,0.97,0.53,0.62,0.6,0,1,0,0
841,Leandro Silva,5' 9,155.,5' 9,"Nov 11, 1985",2.39,0.48,2.08,0.63,1.76,0.37,0.65,0.4,0,1,0,0
842,Claudio Silva,5' 11,170.,5' 11,"Sep 06, 1982",3.14,0.42,3.12,0.43,3.01,0.28,0.66,1.6,0,0,1,0
843,Antonio Silva,6' 4,264.,6' 4,"Sep 14, 1979",2.89,0.45,3.09,0.5,0.82,0.29,0.66,0.8,0,1,0,0
844,Erick Silva,6' 0,170.,6' 0,"Jun 21, 1984",2.5,0.48,4.18,0.49,0.85,0.35,0.56,1.4,0,1,0,0
845,Joaquim Silva,5' 8,155.,5' 8,"Feb 05, 1989",3.92,0.37,4.43,0.56,0.24,0.5,0.64,0.7,0,0,1,0
846,Gabriel Silva,5' 6,135.,5' 6,"Aug 26, 1994",1.3,0.34,3.47,0.45,1.5,0.25,0.38,0.5,0,1,0,0
847,Elias Silverio,5' 11,155.,5' 11,"Sep 22, 1986",3.67,0.49,2.97,0.51,1.62,0.38,0.85,0.2,0,1,0,0
848,Aaron Simpson,6' 0,170.,6' 0,"Jul 20, 1974",3.6,0.52,2.53,0.56,3.78,0.34,0.83,0.5,0,1,0,0
849,Ricky Simon,5' 6,135.,5' 6,"Aug 31, 1992",3.08,0.42,3.13,0.64,6.93,0.54,0.72,0.4,0,1,0,0
850,Tony Sims,5' 11,155.,5' 11,"Oct 14, 1985",1.81,0.63,0.76,0.65,0.71,0.5,0.5,0.7,0,0,1,0
851,Rory Singer,6' 2,185.,6' 2,"May 28, 1976",2.55,0.39,2.42,0.63,0.39,0.25,0.64,0.8,0,1,0,0
852,Dennis Siver,5' 6,145.,5' 6,"Jan 13, 1979",3.87,0.32,2.67,0.65,0.87,0.32,0.65,0.3,0,1,0,0
853,Chas Skelly,5' 11,145.,5' 11,"May 11, 1985",2.02,0.4,3.35,0.48,1.71,0.34,0.33,2.4,0,1,0,0
854,Scott Smith,6' 0,185.,6' 0,"May 21, 1979",1.9,0.27,5.87,0.5,0.12,0.06,0.58,0.5,0,1,0,0
855,Trevor Smith,6' 3,185.,6' 3,"Jan 05, 1981",3.29,0.55,3.31,0.51,1.7,0.32,0.6,0.7,0,1,0,0
856,Anthony Smith,6' 4,205.,6' 4,"Jul 26, 1988",2.94,0.46,4.38,0.42,0.49,0.28,0.51,0.7,0,1,0,0
857,Colton Smith,6' 0,155.,6' 0,"Aug 14, 1987",1.64,0.41,2.3,0.51,4.09,0.36,0.25,1.4,0,1,0,0
858,Devonte Smith,5' 9,155.,5' 9,"Jul 30, 1993",5.64,0.55,2.65,0.59,0.74,1.0,1.0,0.7,0,1,0,0
859,Cole Smith,5' 11,135.,5' 11,"Apr 05, 1989",1.78,0.35,1.96,0.49,1.67,0.33,0.45,1.7,0,1,0,0
860,Louis Smolka,5' 9,135.,5' 9,"Jul 16, 1991",4.44,0.46,3.74,0.53,1.84,0.37,0.31,1.9,0,1,0,0
861,Renato Sobral,6' 1,205.,6' 1,"Sep 07, 1975",2.23,0.45,1.53,0.57,2.48,0.42,0.65,2.6,0,1,0,0
862,Peter Sobotta,6' 0,170.,6' 0,"Jan 11, 1987",2.14,0.4,2.9,0.58,1.53,0.32,0.77,0.5,0,0,1,0
863,Rameau Thierry Sokoudjou,5' 10,205.,5' 10,"Apr 18, 1984",2.26,0.45,2.61,0.56,1.93,0.47,0.78,0.9,0,1,0,0
864,Joe Solecki,5' 9,155.,5' 9,"Aug 27, 1993",3.62,0.74,0.93,0.51,3.31,0.62,0.0,1.3,0,1,0,0
865,Chael Sonnen,6' 1,205.,6' 1,"Apr 03, 1977",3.08,0.43,1.1,0.62,3.81,0.59,0.66,0.4,0,0,1,0
866,Song Yadong,5' 8,145.,5' 8,"Dec 02, 1997",4.35,0.42,3.64,0.57,0.59,0.75,0.56,0.4,0,1,0,0
867,Dmitry Sosnovskiy,6' 3,240.,6' 3,"Jul 06, 1989",2.95,0.7,2.53,0.35,3.16,0.66,1.0,3.2,0,1,0,0
868,Greg Soto,5' 11,170.,5' 11,"Jun 03, 1986",3.21,0.63,2.61,0.52,1.49,0.27,0.44,1.0,0,1,0,0
869,George Sotiropoulos,5' 10,155.,5' 10,"Jul 09, 1977",2.61,0.27,2.52,0.67,2.32,0.31,0.53,1.6,0,1,0,0
870,Krzysztof Soszynski,6' 1,205.,6' 1,"Aug 02, 1977",3.37,0.39,3.13,0.58,0.52,0.25,0.71,1.0,1,0,0,0
871,Joe Soto,5' 6,135.,5' 6,"Mar 22, 1987",3.36,0.41,5.37,0.67,0.85,0.21,0.7,1.9,0,1,0,0
872,Andre Soukhamthath,5' 9,135.,5' 9,"Oct 23, 1988",2.77,0.44,4.31,0.49,1.25,0.53,0.58,0.2,0,1,0,0
873,Livinha Souza,5' 3,115.,5' 3,"Mar 11, 1991",2.06,0.45,3.38,0.62,2.4,0.44,0.4,1.2,0,1,0,0
874,Jacare Souza,6' 1,185.,6' 1,"Dec 07, 1979",2.53,0.46,2.85,0.62,2.55,0.39,0.6,1.4,0,1,0,0
875,Ryan Spann,6' 5,205.,6' 5,"Aug 24, 1991",3.55,0.45,3.45,0.47,1.72,0.41,0.6,1.7,0,1,0,0
876,Felicia Spencer,5' 6,145.,5' 6,"Nov 29, 1990",3.02,0.45,5.57,0.43,0.64,0.1,0.14,0.3,0,1,0,0
877,Eric Spicely,6' 1,185.,6' 1,"Sep 29, 1986",3.71,0.45,5.72,0.55,1.31,0.2,0.75,1.0,0,1,0,0
878,Serghei Spivac,6' 3,260.,6' 3,"Jan 24, 1995",3.58,0.49,2.84,0.58,3.7,0.63,0.75,0.3,0,1,0,0
879,Austin Springer,5' 8,145.,5' 8,"May 12, 1987",3.54,0.57,3.15,0.41,3.37,0.4,1.0,0.8,0,1,0,0
880,Georges St-Pierre,5' 11,185.,5' 11,"May 19, 1981",3.78,0.53,1.4,0.72,4.16,0.74,0.83,1.1,0,1,0,0
881,Brian Stann,6' 1,205.,6' 1,"Sep 24, 1980",3.28,0.42,2.65,0.59,0.12,0.12,0.6,0.3,0,1,0,0
882,Kalib Starnes,6' 3,185.,6' 3,"Jan 06, 1975",2.71,0.48,4.43,0.53,1.46,0.33,0.25,0.6,0,1,0,0
883,Damian Stasiak,5' 5,135.,5' 5,"Feb 20, 1990",1.86,0.36,3.1,0.52,2.64,0.35,0.43,0.6,0,1,0,0
884,Aljamain Sterling,5' 7,135.,5' 7,"Jul 31, 1989",4.84,0.49,2.2,0.63,1.77,0.24,0.41,0.9,0,1,0,0
885,Jeremy Stephens,5' 9,145.,5' 9,"May 25, 1986",3.18,0.4,3.06,0.58,1.16,0.38,0.65,0.4,0,1,0,0
886,Joe Stevenson,5' 7,145.,5' 7,"Jun 15, 1982",2.05,0.44,2.44,0.6,2.75,0.44,0.39,2.2,0,1,0,0
887,Darren Stewart,6' 0,185.,6' 0,"Dec 30, 1990",3.09,0.44,3.09,0.5,1.5,0.4,0.65,0.1,0,1,0,0
888,Dustin Stoltzfus,6' 0,185.,6' 0,"Nov 15, 1991",2.48,0.57,3.93,0.48,0.78,0.12,0.62,0.8,0,1,0,0
889,Ken Stone,5' 8,135.,5' 8,"Oct 08, 1982",3.85,0.49,2.9,0.48,1.24,0.33,0.6,0.6,0,0,1,0
890,Rick Story,5' 9,170.,5' 9,"Aug 28, 1984",3.8,0.41,2.17,0.62,2.53,0.48,0.63,0.9,0,0,1,0
891,Sam Stout,5' 9,155.,5' 9,"Apr 23, 1984",4.17,0.28,4.08,0.57,0.63,0.38,0.77,0.1,0,1,0,0
892,Daniel Straus,5' 7,145.,5' 7,"Jul 27, 1984",4.76,0.43,2.99,0.57,0.84,0.15,0.81,1.1,0,0,0,0
893,Sean Strickland,6' 1,185.,6' 1,"Feb 27, 1991",5.09,0.38,3.77,0.66,1.26,0.6,0.81,0.4,0,1,0,0
894,Stefan Struve,6' 11,265.,6' 11,"Feb 18, 1988",3.12,0.47,4.04,0.46,0.56,0.46,0.55,1.7,0,1,0,0
895,Tatiana Suarez,5' 5,115.,5' 5,"Dec 19, 1990",4.82,0.65,1.45,0.48,6.47,0.62,1.0,0.6,0,0,1,0
896,George Sullivan,6' 0,170.,6' 0,"Mar 13, 1981",3.53,0.39,2.42,0.57,1.37,0.2,0.38,0.7,0,1,0,0
897,Cub Swanson,5' 8,145.,5' 8,"Nov 02, 1983",4.64,0.5,3.64,0.6,1.09,0.51,0.6,0.5,0,1,0,0
898,Kevin Syler,5' 9,155.,5' 9,"Jul 29, 1993",5.6,0.69,4.03,0.48,1.0,0.4,0.77,2.0,0,0,0,1
899,Mike Swick,6' 1,170.,6' 1,"Jun 19, 1979",2.36,0.37,2.29,0.54,1.06,0.5,0.61,0.6,0,1,0,0
900,Tim Sylvia,6' 8,265.,6' 8,"Mar 05, 1976",4.23,0.41,2.61,0.61,0.11,1.0,0.75,0.1,0,1,0,0
901,Michinori Tanaka,5' 5,135.,5' 5,"Oct 04, 1990",1.97,0.37,1.99,0.5,2.4,0.38,0.43,0.2,0,1,0,0
902,Evan Tanner,6' 0,185.,6' 0,"Feb 11, 1971",3.05,0.59,2.64,0.56,2.55,0.43,0.25,1.3,0,1,0,0
903,Deividas Taurosevicius,5' 9,145.,5' 9,"Aug 28, 1977",2.13,0.43,1.82,0.59,2.0,0.28,0.5,0.3,0,0,1,0
904,Manny Tapia,5' 5,135.,5' 5,"Mar 14, 1981",2.69,0.21,4.74,0.58,0.49,0.4,0.66,0.2,0,1,0,0
905,Miesha Tate,5' 6,135.,5' 6,"Aug 18, 1986",1.93,0.41,2.71,0.5,2.06,0.31,0.52,1.6,0,1,0,0
906,Thiago Tavares,5' 7,145.,5' 7,"Nov 08, 1984",2.0,0.4,2.31,0.62,3.83,0.42,0.62,1.5,0,1,0,0
907,Paul Taylor,6' 0,155.,6' 0,"Dec 15, 1979",4.44,0.47,4.47,0.55,0.27,0.25,0.56,0.5,0,1,0,0
908,Jesse Taylor,6' 0,170.,6' 0,"Jan 02, 1983",1.94,0.65,0.55,0.38,7.28,0.5,1.0,3.1,0,1,0,0
909,Danielle Taylor,5' 0,115.,5' 0,"Oct 25, 1989",2.75,0.29,3.31,0.71,0.2,0.2,0.7,0.2,0,1,0,0
910,James Te Huna,6' 2,185.,6' 2,"Sep 29, 1981",4.04,0.51,2.99,0.62,2.75,0.37,0.58,0.2,0,1,0,0
911,Glover Teixeira,6' 2,205.,6' 2,"Oct 28, 1979",3.75,0.47,3.84,0.54,2.04,0.4,0.6,1.0,0,1,0,0
912,Daniel Teymur,5' 5,145.,5' 5,"Feb 03, 1988",3.08,0.46,3.93,0.56,0.56,0.18,0.6,0.3,0,1,0,0
913,Brandon Thatch,6' 2,170.,6' 2,"Jul 11, 1985",2.7,0.42,3.63,0.52,1.36,0.66,0.5,0.7,0,0,0,1
914,Paulo Thiago,5' 11,170.,5' 11,"Jan 25, 1981",1.71,0.39,1.99,0.63,1.42,0.31,0.63,1.2,0,1,0,0
915,Nick Thompson,6' 1,170.,6' 1,"Jun 23, 1981",1.87,0.42,1.8,0.49,1.06,1.0,0.35,2.6,0,1,0,0
916,Josh Thomson,5' 10,155.,5' 10,"Sep 21, 1978",2.59,0.47,2.12,0.64,1.92,0.39,0.54,1.3,0,1,0,0
917,Simeon Thoresen,6' 1,170.,6' 1,"Mar 14, 1984",3.85,0.43,3.85,0.64,1.12,0.4,0.5,1.7,0,1,0,0
918,Gleison Tibau,5' 10,155.,5' 10,"Oct 07, 1983",1.95,0.31,2.51,0.63,4.08,0.53,0.92,0.8,0,0,1,0
919,Ilia Topuria,5' 7,145.,5' 7,"Jan 21, 1997",2.5,0.45,1.87,0.68,4.25,0.55,1.0,4.2,0,1,0,0
920,Tecia Torres,5' 1,115.,5' 1,"Aug 16, 1989",4.3,0.47,3.37,0.62,0.68,0.15,0.56,0.1,0,1,0,0
921,Frank Trigg,5' 9,170.,5' 9,"May 07, 1972",2.79,0.46,1.9,0.56,2.35,0.47,0.75,0.8,0,0,1,0
922,Michael Trizano,5' 11,155.,5' 11,"Dec 31, 1991",3.02,0.53,2.11,0.63,0.4,0.5,0.8,0.8,0,1,0,0
923,Antonio Trocoli,6' 5,205.,6' 5,"Dec 06, 1990",1.27,0.71,4.56,0.25,3.8,1.0,1.0,3.8,0,1,0,0
924,Francisco Trinaldo,5' 9,155.,5' 9,"Aug 24, 1978",3.11,0.44,2.56,0.6,1.09,0.46,0.61,0.6,0,0,1,0
925,Jon Tuck,5' 11,155.,5' 11,"Aug 28, 1984",3.0,0.4,3.74,0.6,0.42,0.33,0.5,1.0,0,1,0,0
926,Chris Tuchscherer,6' 2,258.,6' 2,"Sep 08, 1975",1.35,0.31,3.17,0.47,1.19,0.18,0.0,0.6,0,1,0,0
927,Abel Trujillo,5' 8,155.,5' 8,"Sep 18, 1983",2.65,0.41,2.31,0.59,2.18,0.45,0.4,0.4,0,1,0,0
928,Gavin Tucker,5' 6,145.,5' 6,"Jun 17, 1986",4.39,0.45,4.28,0.57,2.98,0.42,0.53,1.5,0,0,1,0
929,Wellington Turman,6' 0,185.,6' 0,"Jul 22, 1996",2.75,0.42,3.71,0.45,2.63,0.35,1.0,0.9,0,1,0,0
930,Jalin Turner,6' 3,155.,6' 3,"May 18, 1995",6.2,0.47,4.37,0.45,0.71,0.66,0.78,1.8,0,0,1,0
931,Marcin Tybura,6' 3,249.,6' 3,"Nov 09, 1985",3.7,0.5,3.25,0.56,1.62,0.45,0.82,0.1,0,1,0,0
932,Caol Uno,5' 7,155.,5' 7,"May 08, 1975",1.91,0.49,1.9,0.5,1.95,0.31,0.37,0.5,0,0,1,0
933,Kamaru Usman,6' 0,170.,6' 0,"May 11, 1987",4.66,0.54,2.33,0.58,3.22,0.47,1.0,0.1,0,0,0,1
934,Darren Uyenoyama,5' 6,125.,5' 6,"Oct 15, 1979",1.34,0.39,2.21,0.66,1.42,0.33,0.35,0.7,0,1,0,0
935,Charlie Valencia,5' 3,135.,5' 3,"Oct 31, 1974",2.58,0.37,2.61,0.77,1.4,0.53,0.75,0.5,0,1,0,0
936,Richie Vaculik,5' 6,125.,5' 6,"Jun 19, 1983",3.69,0.46,4.09,0.57,3.0,0.45,0.31,1.0,0,1,0,0
937,Lando Vannata,5' 9,155.,5' 9,"Mar 14, 1992",4.58,0.44,5.1,0.54,1.13,0.37,0.58,0.4,0,1,0,0
938,Paige VanZant,5' 4,115.,5' 4,"Mar 26, 1994",3.35,0.52,2.62,0.42,1.27,0.33,0.34,1.0,0,1,0,0
939,Jamie Varner,5' 8,155.,5' 8,"Oct 12, 1984",2.92,0.34,2.55,0.58,3.49,0.53,0.66,0.8,0,1,0,0
940,Javier Vazquez,5' 7,145.,5' 7,"Jul 16, 1977",2.43,0.36,1.99,0.72,2.56,0.52,0.57,1.5,0,0,1,0
941,Manny Vazquez,5' 10,125.,5' 10,"Nov 19, 1993",1.47,0.41,2.67,0.48,1.0,0.33,0.0,1.0,0,1,0,0
942,Bojan Velickovic,6' 0,170.,6' 0,"Dec 18, 1988",2.18,0.34,2.31,0.57,0.67,0.25,0.55,0.5,0,0,1,0
943,Cain Velasquez,6' 1,240.,6' 1,"Jul 28, 1982",6.37,0.57,2.33,0.57,5.13,0.45,0.85,0.4,0,1,0,0
944,Karlos Vemola,6' 0,185.,6' 0,"Jul 03, 1985",1.67,0.44,2.13,0.37,1.93,0.25,0.31,1.7,0,1,0,0
945,Brandon Vera,6' 3,230.,6' 3,"Oct 10, 1977",3.03,0.56,2.81,0.52,0.7,0.53,0.59,0.2,0,1,0,0
946,Marlon Vera,5' 8,135.,5' 8,"Dec 02, 1992",3.65,0.49,3.95,0.52,0.78,0.37,0.7,1.1,0,0,0,1
947,Marvin Vettori,6' 0,185.,6' 0,"Sep 20, 1993",4.78,0.45,3.19,0.66,1.33,0.45,0.78,0.8,0,0,1,0
948,Polyana Viana,5' 5,115.,5' 5,"Jun 14, 1992",3.71,0.41,3.01,0.54,1.12,0.33,0.5,3.4,0,1,0,0
949,James Vick,6' 3,155.,6' 3,"Feb 23, 1987",4.13,0.39,3.31,0.6,0.26,0.33,0.57,0.7,0,1,0,0
950,Ketlen Vieira,5' 8,135.,5' 8,"Aug 26, 1991",2.66,0.36,3.84,0.53,2.19,0.48,0.92,0.5,0,1,0,0
951,Reginaldo Vieira,5' 7,135.,5' 7,"Nov 26, 1982",3.76,0.4,2.89,0.59,1.97,0.27,0.25,0.8,0,1,0,0
952,Rodolfo Vieira,6' 0,185.,6' 0,"Sep 25, 1989",1.66,0.42,3.06,0.42,7.0,0.47,0.0,1.6,0,1,0,0
953,Yuri Villefort,6' 0,170.,6' 0,"Mar 23, 1991",3.18,0.43,5.42,0.55,2.0,0.35,0.4,0.3,0,1,0,0
954,Alexander Volkanovski,5' 6,145.,5' 6,"Sep 29, 1988",6.02,0.55,3.31,0.6,2.09,0.34,0.72,0.3,0,1,0,0
955,Jacob Volkmann,5' 9,155.,5' 9,"Sep 05, 1980",1.19,0.34,1.78,0.52,3.19,0.48,0.52,2.0,0,0,1,0
956,Alexander Volkov,6' 7,250.,6' 7,"Oct 24, 1988",4.88,0.59,2.48,0.56,0.66,0.7,0.66,0.2,0,1,0,0
957,Chris Wade,5' 10,155.,5' 10,"Sep 30, 1987",1.7,0.53,1.75,0.51,2.6,0.51,0.55,1.1,0,1,0,0
958,TJ Waldburger,5' 11,170.,5' 11,"Apr 25, 1988",2.02,0.51,2.39,0.4,3.03,0.46,0.4,4.8,0,1,0,0
959,Rodney Wallace,5' 9,205.,5' 9,"Nov 21, 1981",1.13,0.46,3.44,0.45,6.0,0.54,0.28,1.0,0,0,0,1
960,Johnny Walker,6' 6,205.,6' 6,"Mar 30, 1992",4.41,0.72,3.51,0.31,0.4,1.0,0.6,1.2,0,1,0,0
961,Richard Walsh,6' 0,170.,6' 0,"Dec 01, 1988",3.84,0.46,2.72,0.58,1.55,0.4,0.66,0.2,0,1,0,0
962,Curt Warburton,6' 0,155.,6' 0,,2.13,0.42,3.44,0.43,2.35,0.5,0.83,0.9,0,1,0,0
963,Michelle Waterson,5' 3,115.,5' 3,"Jan 06, 1986",3.58,0.49,4.0,0.49,1.52,0.34,0.67,0.9,0,1,0,0
964,Brok Weaver,6' 0,155.,6' 0,"Dec 05, 1991",4.78,0.64,4.35,0.46,0.41,0.1,0.66,0.4,0,0,1,0
965,Chris Weidman,6' 2,185.,6' 2,"Jun 17, 1984",3.03,0.43,3.15,0.52,3.93,0.47,0.65,0.9,0,1,0,0
966,Christian Wellisch,6' 2,234.,6' 2,"Sep 13, 1975",3.12,0.27,3.04,0.56,1.22,0.42,0.45,1.2,0,1,0,0
967,Fabricio Werdum,6' 4,231.,6' 4,"Jul 30, 1977",3.59,0.52,2.64,0.55,1.75,0.31,0.31,1.2,0,1,0,0
968,Coty Wheeler,5' 6,135.,5' 6,"Oct 11, 1978",1.88,0.22,3.16,0.59,0.87,0.37,0.33,2.6,0,1,0,0
969,Alex White,6' 0,155.,6' 0,"Oct 22, 1988",3.76,0.42,3.07,0.6,0.92,0.28,0.71,0.5,0,0,1,0
970,Emily Whitmire,5' 5,115.,5' 5,"May 24, 1991",2.71,0.3,3.08,0.54,1.1,0.5,0.7,0.6,0,1,0,0
971,Adam Wieczorek,6' 5,250.,6' 5,"Feb 05, 1992",1.68,0.38,1.87,0.48,0.41,0.33,0.58,0.4,0,1,0,0
972,Mike Wilkinson,5' 7,145.,5' 7,"Sep 15, 1987",2.35,0.38,3.7,0.35,0.92,0.14,0.55,0.9,0,1,0,0
973,James Wilks,6' 1,170.,6' 1,"May 04, 1978",1.82,0.45,2.03,0.5,1.27,0.22,0.66,3.8,0,1,0,0
974,Patrick Williams,5' 8,135.,5' 8,"Sep 07, 1981",4.12,0.51,4.12,0.52,2.71,0.41,1.0,0.5,0,1,0,0
975,Chris Wilson,6' 1,170.,6' 1,"Jun 07, 1977",2.32,0.5,1.36,0.55,1.31,0.5,0.6,1.6,0,1,0,0
976,Matt Wiman,5' 10,155.,5' 10,"Sep 19, 1983",3.17,0.5,3.57,0.51,2.13,0.37,0.56,1.5,0,1,0,0
977,Eddie Wineland,5' 7,135.,5' 7,"Jun 26, 1984",3.4,0.29,3.66,0.69,0.34,0.33,0.86,0.1,0,1,0,0
978,Jason Witt,5' 10,170.,5' 10,"Nov 07, 1986",3.16,0.65,2.68,0.29,3.65,0.5,0.0,1.8,0,1,0,0
979,Nathaniel Wood,5' 6,140.,5' 6,"May 08, 1993",6.28,0.46,4.36,0.53,1.29,0.46,0.75,0.9,0,1,0,0
980,Tyron Woodley,5' 9,170.,5' 9,"Apr 07, 1982",2.33,0.48,2.72,0.55,1.08,0.4,0.87,0.4,0,1,0,0
981,Wu Yanan,5' 8,125.,5' 8,"Apr 18, 1996",4.51,0.45,4.82,0.51,0.61,0.22,0.66,0.3,0,1,0,0
982,Rani Yahya,5' 6,135.,5' 6,"Sep 12, 1984",1.57,0.37,1.7,0.5,2.89,0.33,0.24,2.0,0,1,0,0
983,Alexander Yakovlev,6' 3,155.,6' 3,"Jul 18, 1984",1.74,0.47,2.41,0.58,1.66,0.35,0.72,0.1,0,0,1,0
984,Petr Yan,5' 7,135.,5' 7,"Feb 11, 1993",5.99,0.52,3.55,0.62,2.14,0.66,0.9,0.1,0,0,0,1
985,Dongi Yang,5' 10,185.,5' 10,"Dec 07, 1984",3.55,0.51,3.21,0.63,1.7,0.41,0.61,0.5,0,0,1,0
986,Ashley Yoder,5' 7,115.,5' 7,"Oct 20, 1987",2.75,0.39,3.53,0.46,1.33,0.37,0.68,0.7,0,0,1,0
987,Sanghoon Yoo,6' 0,155.,6' 0,"Jan 18, 1990",5.0,0.66,7.27,0.27,1.0,1.0,0.75,1.0,0,1,0,0
988,Yoshiyuki Yoshida,5' 11,170.,5' 11,"May 10, 1974",0.85,0.36,3.67,0.36,1.41,0.28,0.25,2.8,0,0,1,0
989,Elizeu Zaleski dos Santos,5' 11,170.,5' 11,"Dec 11, 1986",4.05,0.39,3.07,0.59,0.57,0.17,0.52,0.5,0,1,0,0
990,Youssef Zalal,5' 10,145.,5' 10,"Sep 04, 1996",2.45,0.51,1.56,0.64,2.4,0.4,0.56,1.4,0,0,0,1
991,David Zawada,6' 0,170.,6' 0,"Aug 01, 1990",3.24,0.4,4.07,0.54,0.96,0.3,0.57,2.2,0,1,0,0
992,Zhang Lipeng,5' 11,155.,5' 11,"Mar 10, 1990",1.28,0.48,1.88,0.53,1.75,0.3,0.69,0.8,0,0,1,0
993,Zhang Weili,5' 4,115.,5' 4,"Aug 13, 1989",6.38,0.45,4.43,0.53,1.26,0.23,1.0,0.5,0,0,0,1
994,Cat Zingano,5' 6,145.,5' 6,"Jul 01, 1982",2.57,0.61,1.63,0.47,2.77,0.65,0.42,0.8,0,0,1,0
995,Zhang Tiequan,5' 8,155.,5' 8,"Jul 25, 1978",1.23,0.36,2.14,0.51,1.95,0.58,0.75,3.4,0,1,0,0
